Quality,Authenticity,Correspondence,image_path,model,Challenge,Category,Prompt
68.12995415544702,60.84090244775141,62.98609013125774,./Dataset/AIGCIQA2023/Image/allimg/52.png,controlNet,Simple Detail,Artifacts,a teddy bear on a skateboard
57.34534210212419,53.53808840141461,55.29701414528215,./Dataset/AIGCIQA2023/Image/allimg/53.png,controlNet,Simple Detail,Artifacts,a teddy bear on a skateboard
47.20024056129545,50.26506521381715,48.4148398422513,./Dataset/AIGCIQA2023/Image/allimg/54.png,controlNet,Simple Detail,Artifacts,a teddy bear on a skateboard
63.61267688666457,59.53947141745711,55.39472456470205,./Dataset/AIGCIQA2023/Image/allimg/55.png,controlNet,Simple Detail,Artifacts,a teddy bear on a skateboard
62.21777640154945,56.75662423511454,55.67138839378244,./Dataset/AIGCIQA2023/Image/allimg/64.png,controlNet,Simple Detail,Illustrations,A heart made of chocolate
60.24483016576946,60.9886329673785,56.06046477168659,./Dataset/AIGCIQA2023/Image/allimg/65.png,controlNet,Simple Detail,Illustrations,A heart made of chocolate
64.72376394432234,61.84329920164358,61.07322469516074,./Dataset/AIGCIQA2023/Image/allimg/66.png,controlNet,Simple Detail,Illustrations,A heart made of chocolate
58.55848567724006,62.015346373154806,62.21921989545488,./Dataset/AIGCIQA2023/Image/allimg/67.png,controlNet,Simple Detail,Illustrations,A heart made of chocolate
46.66101407763148,42.215649487913225,40.83722746380329,./Dataset/AIGCIQA2023/Image/allimg/80.png,controlNet,Complex,Animals,A donkey is playing tug-of-war against an octopus. The donkey holds the rope in its mouth. A cat is jumping over the rope.
56.6570733638659,45.55619835266437,39.71204421043647,./Dataset/AIGCIQA2023/Image/allimg/81.png,controlNet,Complex,Animals,A donkey is playing tug-of-war against an octopus. The donkey holds the rope in its mouth. A cat is jumping over the rope.
50.44172368174934,46.88863479126179,41.29711917631025,./Dataset/AIGCIQA2023/Image/allimg/82.png,controlNet,Complex,Animals,A donkey is playing tug-of-war against an octopus. The donkey holds the rope in its mouth. A cat is jumping over the rope.
56.603591414331824,50.55235038333,48.541996249868845,./Dataset/AIGCIQA2023/Image/allimg/83.png,controlNet,Complex,Animals,A donkey is playing tug-of-war against an octopus. The donkey holds the rope in its mouth. A cat is jumping over the rope.
59.90378565244291,52.4410239085658,60.58937809462638,./Dataset/AIGCIQA2023/Image/allimg/92.png,controlNet,Complex,Artifacts,a propaganda poster depicting a cat dressed as french emperor napoleon holding a piece of cheese
55.13376832717946,47.13027777523516,45.42694370639491,./Dataset/AIGCIQA2023/Image/allimg/93.png,controlNet,Complex,Artifacts,a propaganda poster depicting a cat dressed as french emperor napoleon holding a piece of cheese
58.12560362881345,49.61291513030604,52.171943796046605,./Dataset/AIGCIQA2023/Image/allimg/94.png,controlNet,Complex,Artifacts,a propaganda poster depicting a cat dressed as french emperor napoleon holding a piece of cheese
58.60548220252944,47.08357870451348,41.72422919209576,./Dataset/AIGCIQA2023/Image/allimg/95.png,controlNet,Complex,Artifacts,a propaganda poster depicting a cat dressed as french emperor napoleon holding a piece of cheese
56.30076509241396,51.44032018637106,46.54120796325157,./Dataset/AIGCIQA2023/Image/allimg/104.png,controlNet,Complex,Illustrations,"A set of 2x2 emoji icons with happy, angry, surprised and sobbing faces. The emoji icons look like colorful macarons. All of the macarons are wearing cowboy hats."
57.98560151068506,55.29973175968031,54.23144118406141,./Dataset/AIGCIQA2023/Image/allimg/105.png,controlNet,Complex,Illustrations,"A set of 2x2 emoji icons with happy, angry, surprised and sobbing faces. The emoji icons look like colorful macarons. All of the macarons are wearing cowboy hats."
51.35335919918681,51.20222315594909,45.317733648230366,./Dataset/AIGCIQA2023/Image/allimg/106.png,controlNet,Complex,Illustrations,"A set of 2x2 emoji icons with happy, angry, surprised and sobbing faces. The emoji icons look like colorful macarons. All of the macarons are wearing cowboy hats."
63.67511594580369,56.9573988401216,53.900383509697406,./Dataset/AIGCIQA2023/Image/allimg/107.png,controlNet,Complex,Illustrations,"A set of 2x2 emoji icons with happy, angry, surprised and sobbing faces. The emoji icons look like colorful macarons. All of the macarons are wearing cowboy hats."
61.79935275583905,59.52432825336788,56.29213271968122,./Dataset/AIGCIQA2023/Image/allimg/116.png,controlNet,Complex,World Knowledge,"An anime illustration of Sydney Opera House sitting next to Eiffel tower, under a blue night sky of roiling energy, exploding yellow stars, and radiating swirls of blu"
55.74447645340369,52.87350147480253,54.4323410449858,./Dataset/AIGCIQA2023/Image/allimg/117.png,controlNet,Complex,World Knowledge,"An anime illustration of Sydney Opera House sitting next to Eiffel tower, under a blue night sky of roiling energy, exploding yellow stars, and radiating swirls of blu"
58.2184368372002,53.80856764885929,58.2823988908644,./Dataset/AIGCIQA2023/Image/allimg/118.png,controlNet,Complex,World Knowledge,"An anime illustration of Sydney Opera House sitting next to Eiffel tower, under a blue night sky of roiling energy, exploding yellow stars, and radiating swirls of blu"
49.88224670403831,42.07319610069162,47.81635571136705,./Dataset/AIGCIQA2023/Image/allimg/119.png,controlNet,Complex,World Knowledge,"An anime illustration of Sydney Opera House sitting next to Eiffel tower, under a blue night sky of roiling energy, exploding yellow stars, and radiating swirls of blu"
56.302012529390446,52.50184188480195,47.86404541726124,./Dataset/AIGCIQA2023/Image/allimg/120.png,controlNet,Fine-grained Detail,Animals,a dolphin in an astronaut suit on saturn
48.83019029001233,42.22962593984043,38.78774022853393,./Dataset/AIGCIQA2023/Image/allimg/121.png,controlNet,Fine-grained Detail,Animals,a dolphin in an astronaut suit on saturn
51.67608018234149,43.25178600316681,44.74393117336909,./Dataset/AIGCIQA2023/Image/allimg/122.png,controlNet,Fine-grained Detail,Animals,a dolphin in an astronaut suit on saturn
53.31711560193163,49.27079311066919,46.68499454524133,./Dataset/AIGCIQA2023/Image/allimg/123.png,controlNet,Fine-grained Detail,Animals,a dolphin in an astronaut suit on saturn
54.58260667101882,58.14112370685526,53.83198402583425,./Dataset/AIGCIQA2023/Image/allimg/132.png,controlNet,Fine-grained Detail,Artifacts,purple lego dollhouse with a pool and a swing
55.99860795277986,59.75339072195517,58.61000396571999,./Dataset/AIGCIQA2023/Image/allimg/133.png,controlNet,Fine-grained Detail,Artifacts,purple lego dollhouse with a pool and a swing
45.97907412311678,48.714199068574295,44.58856235447472,./Dataset/AIGCIQA2023/Image/allimg/134.png,controlNet,Fine-grained Detail,Artifacts,purple lego dollhouse with a pool and a swing
53.78637994482558,51.54970488024692,60.99361367455401,./Dataset/AIGCIQA2023/Image/allimg/135.png,controlNet,Fine-grained Detail,Artifacts,purple lego dollhouse with a pool and a swing
58.24552304120182,50.3179811669241,53.01000813364807,./Dataset/AIGCIQA2023/Image/allimg/144.png,controlNet,Fine-grained Detail,Illustrations,a kids' book cover with an illustration of white dog driving a red pickup truck
49.35210189207013,44.74730005378611,44.11571234530956,./Dataset/AIGCIQA2023/Image/allimg/145.png,controlNet,Fine-grained Detail,Illustrations,a kids' book cover with an illustration of white dog driving a red pickup truck
48.12466508474221,40.34193093662518,43.280045252484726,./Dataset/AIGCIQA2023/Image/allimg/146.png,controlNet,Fine-grained Detail,Illustrations,a kids' book cover with an illustration of white dog driving a red pickup truck
47.31880377516844,41.721132102216,50.2287489249008,./Dataset/AIGCIQA2023/Image/allimg/147.png,controlNet,Fine-grained Detail,Illustrations,a kids' book cover with an illustration of white dog driving a red pickup truck
58.20535015426197,51.74800726587822,59.22266500200007,./Dataset/AIGCIQA2023/Image/allimg/156.png,controlNet,Fine-grained Detail,World Knowledge,a teddy bear on a skateboard in times square
53.88115882958186,51.29378721208347,47.77043482967736,./Dataset/AIGCIQA2023/Image/allimg/157.png,controlNet,Fine-grained Detail,World Knowledge,a teddy bear on a skateboard in times square
60.24000528443783,62.71817435974458,61.840590947704094,./Dataset/AIGCIQA2023/Image/allimg/158.png,controlNet,Fine-grained Detail,World Knowledge,a teddy bear on a skateboard in times square
63.20911227840598,55.92392913150841,60.2762844901568,./Dataset/AIGCIQA2023/Image/allimg/159.png,controlNet,Fine-grained Detail,World Knowledge,a teddy bear on a skateboard in times square
60.90865444302491,59.417767744423074,63.19653503908254,./Dataset/AIGCIQA2023/Image/allimg/160.png,controlNet,Imagination,Animals,A blue colored dog
51.82034993859325,49.8320575688384,59.44185206298218,./Dataset/AIGCIQA2023/Image/allimg/161.png,controlNet,Imagination,Animals,A blue colored dog
49.00046439459367,44.056367188650654,50.97877742667849,./Dataset/AIGCIQA2023/Image/allimg/162.png,controlNet,Imagination,Animals,A blue colored dog
59.01743426384659,54.65774424177223,46.14206813432904,./Dataset/AIGCIQA2023/Image/allimg/163.png,controlNet,Imagination,Animals,A blue colored dog
66.62786739850976,65.13783777904173,66.67792742196185,./Dataset/AIGCIQA2023/Image/allimg/164.png,controlNet,Imagination,People,A photo of an astronaut riding a horse in the forest.
57.23986945970681,53.31621989751501,59.948686394096384,./Dataset/AIGCIQA2023/Image/allimg/165.png,controlNet,Imagination,People,A photo of an astronaut riding a horse in the forest.
54.08704653308666,58.23822279480351,60.62419417454534,./Dataset/AIGCIQA2023/Image/allimg/166.png,controlNet,Imagination,People,A photo of an astronaut riding a horse in the forest.
53.91027236634998,49.65829170427787,56.43773533627135,./Dataset/AIGCIQA2023/Image/allimg/167.png,controlNet,Imagination,People,A photo of an astronaut riding a horse in the forest.
53.359677173270384,49.66485770839432,45.26248298249212,./Dataset/AIGCIQA2023/Image/allimg/168.png,controlNet,Imagination,Vehicles,A bicycle on top of a boat
57.732793381636135,50.68402676597129,54.984139304593306,./Dataset/AIGCIQA2023/Image/allimg/169.png,controlNet,Imagination,Vehicles,A bicycle on top of a boat
52.78080567582815,45.70256857393704,47.59646201446154,./Dataset/AIGCIQA2023/Image/allimg/170.png,controlNet,Imagination,Vehicles,A bicycle on top of a boat
56.13776457111811,52.03805960812241,49.89136416849321,./Dataset/AIGCIQA2023/Image/allimg/171.png,controlNet,Imagination,Vehicles,A bicycle on top of a boat
51.60154579372122,51.38339274348483,46.612174680288256,./Dataset/AIGCIQA2023/Image/allimg/172.png,controlNet,Imagination,Artifacts,a sword slicing through a loaf of bread
58.25998490483884,50.23149403020536,53.41118449265521,./Dataset/AIGCIQA2023/Image/allimg/173.png,controlNet,Imagination,Artifacts,a sword slicing through a loaf of bread
61.10415726746113,54.07528027176562,54.77095131053801,./Dataset/AIGCIQA2023/Image/allimg/174.png,controlNet,Imagination,Artifacts,a sword slicing through a loaf of bread
56.61070626604668,51.39215452008299,55.62615550630802,./Dataset/AIGCIQA2023/Image/allimg/175.png,controlNet,Imagination,Artifacts,a sword slicing through a loaf of bread
50.20876974724905,46.80610134841203,44.65234092372981,./Dataset/AIGCIQA2023/Image/allimg/176.png,controlNet,Imagination,Produce & Plants,an orange wearing a cowboy hat
53.52322010768288,50.3282992561765,50.1079484467147,./Dataset/AIGCIQA2023/Image/allimg/177.png,controlNet,Imagination,Produce & Plants,an orange wearing a cowboy hat
48.18783799665324,54.32472031711065,46.44245499608311,./Dataset/AIGCIQA2023/Image/allimg/178.png,controlNet,Imagination,Produce & Plants,an orange wearing a cowboy hat
59.75915041376781,55.27356575230976,46.774138707466086,./Dataset/AIGCIQA2023/Image/allimg/179.png,controlNet,Imagination,Produce & Plants,an orange wearing a cowboy hat
57.389121067680016,51.96903632451775,50.24804683592771,./Dataset/AIGCIQA2023/Image/allimg/180.png,controlNet,Imagination,Food & Beverage,A bowl of soup that looks like a monster with tofu says deep learning
56.23728184667666,54.24248809870843,48.28800106091552,./Dataset/AIGCIQA2023/Image/allimg/181.png,controlNet,Imagination,Food & Beverage,A bowl of soup that looks like a monster with tofu says deep learning
65.733532389279,58.686665208217335,54.94869824731601,./Dataset/AIGCIQA2023/Image/allimg/182.png,controlNet,Imagination,Food & Beverage,A bowl of soup that looks like a monster with tofu says deep learning
60.86935116388425,55.90609974523301,47.89319592756128,./Dataset/AIGCIQA2023/Image/allimg/183.png,controlNet,Imagination,Food & Beverage,A bowl of soup that looks like a monster with tofu says deep learning
44.64664214031635,48.29418214141303,52.089537722081744,./Dataset/AIGCIQA2023/Image/allimg/184.png,controlNet,Imagination,Illustrations,a drawing of a series of musical notes wrapped around the Earth
57.640082438329486,56.11922068441592,53.68623570467376,./Dataset/AIGCIQA2023/Image/allimg/185.png,controlNet,Imagination,Illustrations,a drawing of a series of musical notes wrapped around the Earth
51.79811767381459,43.88115567276474,40.86904898494033,./Dataset/AIGCIQA2023/Image/allimg/186.png,controlNet,Imagination,Illustrations,a drawing of a series of musical notes wrapped around the Earth
53.0172946623462,47.13076550346101,48.42996274747977,./Dataset/AIGCIQA2023/Image/allimg/187.png,controlNet,Imagination,Illustrations,a drawing of a series of musical notes wrapped around the Earth
60.229829344679445,56.53663162700841,51.7082968955072,./Dataset/AIGCIQA2023/Image/allimg/188.png,controlNet,Imagination,Indoor Scenes,a small kitchen with a white goat in it
54.0256270689665,49.69251816857246,44.5563608108636,./Dataset/AIGCIQA2023/Image/allimg/189.png,controlNet,Imagination,Indoor Scenes,a small kitchen with a white goat in it
54.12856057759991,52.73231925146193,53.660961503407336,./Dataset/AIGCIQA2023/Image/allimg/190.png,controlNet,Imagination,Indoor Scenes,a small kitchen with a white goat in it
51.9314250587867,53.49911412813417,50.07260840605095,./Dataset/AIGCIQA2023/Image/allimg/191.png,controlNet,Imagination,Indoor Scenes,a small kitchen with a white goat in it
51.811341880993766,53.99232741517953,44.67935832518057,./Dataset/AIGCIQA2023/Image/allimg/192.png,controlNet,Imagination,Outdoor Scenes,A large city fountain that has milk instead of water. Several cats are leaning into the fountain.
52.34775194943842,52.6835690766344,51.00208989036668,./Dataset/AIGCIQA2023/Image/allimg/193.png,controlNet,Imagination,Outdoor Scenes,A large city fountain that has milk instead of water. Several cats are leaning into the fountain.
52.72662167928768,48.21907558592002,46.96865366434709,./Dataset/AIGCIQA2023/Image/allimg/194.png,controlNet,Imagination,Outdoor Scenes,A large city fountain that has milk instead of water. Several cats are leaning into the fountain.
40.729441157329546,39.22295506409112,45.62526504716181,./Dataset/AIGCIQA2023/Image/allimg/195.png,controlNet,Imagination,Outdoor Scenes,A large city fountain that has milk instead of water. Several cats are leaning into the fountain.
56.78253626208391,56.987156568558056,48.69086589746215,./Dataset/AIGCIQA2023/Image/allimg/196.png,controlNet,Imagination,World Knowledge,an elephant walking on the Great Wall
61.348995458146575,56.57392473652779,56.816743466760215,./Dataset/AIGCIQA2023/Image/allimg/197.png,controlNet,Imagination,World Knowledge,an elephant walking on the Great Wall
59.90962821613025,55.98782855997719,61.37023936290781,./Dataset/AIGCIQA2023/Image/allimg/198.png,controlNet,Imagination,World Knowledge,an elephant walking on the Great Wall
57.36293800310369,45.26123089332736,60.177986290440366,./Dataset/AIGCIQA2023/Image/allimg/199.png,controlNet,Imagination,World Knowledge,an elephant walking on the Great Wall
59.334808123612206,56.75897426950833,52.8978109283869,./Dataset/AIGCIQA2023/Image/allimg/200.png,controlNet,Style & Format,Animals,A photo of a panda made of water.
63.111838892610685,55.64831698875488,50.226140353585365,./Dataset/AIGCIQA2023/Image/allimg/201.png,controlNet,Style & Format,Animals,A photo of a panda made of water.
57.739809207891085,53.90410193004016,46.49716360950456,./Dataset/AIGCIQA2023/Image/allimg/202.png,controlNet,Style & Format,Animals,A photo of a panda made of water.
54.96456360001881,52.03064350279035,46.98972293282517,./Dataset/AIGCIQA2023/Image/allimg/203.png,controlNet,Style & Format,Animals,A photo of a panda made of water.
57.75076271682318,50.50695410876514,58.73445747093018,./Dataset/AIGCIQA2023/Image/allimg/204.png,controlNet,Style & Format,People,"a portrait of a man wearing sunglasses and a business suit, painting in pop art style"
56.19169889155751,51.951463823827375,56.39461037970175,./Dataset/AIGCIQA2023/Image/allimg/205.png,controlNet,Style & Format,People,"a portrait of a man wearing sunglasses and a business suit, painting in pop art style"
50.94600230568163,45.969864929328295,44.59255839369904,./Dataset/AIGCIQA2023/Image/allimg/206.png,controlNet,Style & Format,People,"a portrait of a man wearing sunglasses and a business suit, painting in pop art style"
55.61959123675698,49.41129996873182,53.0542640612714,./Dataset/AIGCIQA2023/Image/allimg/207.png,controlNet,Style & Format,People,"a portrait of a man wearing sunglasses and a business suit, painting in pop art style"
53.85419103330965,49.93858541515457,55.05368856630725,./Dataset/AIGCIQA2023/Image/allimg/208.png,controlNet,Style & Format,Vehicles,a cartoon of a train going to the moon
52.04744628894273,51.125445429966135,51.97027505836079,./Dataset/AIGCIQA2023/Image/allimg/209.png,controlNet,Style & Format,Vehicles,a cartoon of a train going to the moon
58.298608646458646,52.173781158649135,56.089862771646345,./Dataset/AIGCIQA2023/Image/allimg/210.png,controlNet,Style & Format,Vehicles,a cartoon of a train going to the moon
51.70892118979217,49.1491177249642,51.56946447090044,./Dataset/AIGCIQA2023/Image/allimg/211.png,controlNet,Style & Format,Vehicles,a cartoon of a train going to the moon
56.09942798964181,57.36769335597046,53.08781970108797,./Dataset/AIGCIQA2023/Image/allimg/212.png,controlNet,Style & Format,Artifacts,A spaceship made of cardboard.
61.64586693115567,55.87443248714641,61.25949657255244,./Dataset/AIGCIQA2023/Image/allimg/213.png,controlNet,Style & Format,Artifacts,A spaceship made of cardboard.
56.78995171526399,57.77975256245429,54.94257770434431,./Dataset/AIGCIQA2023/Image/allimg/214.png,controlNet,Style & Format,Artifacts,A spaceship made of cardboard.
60.343353048224216,66.33083981209565,63.89640519300517,./Dataset/AIGCIQA2023/Image/allimg/215.png,controlNet,Style & Format,Artifacts,A spaceship made of cardboard.
63.49155177600949,61.52222339832567,56.82599318181251,./Dataset/AIGCIQA2023/Image/allimg/216.png,controlNet,Style & Format,Produce & Plants,A photo of a lotus flower made of water. 
60.22419541437411,53.15639182510614,56.17123291768564,./Dataset/AIGCIQA2023/Image/allimg/217.png,controlNet,Style & Format,Produce & Plants,A photo of a lotus flower made of water. 
68.1791518060065,60.21481447462478,52.97105569235968,./Dataset/AIGCIQA2023/Image/allimg/218.png,controlNet,Style & Format,Produce & Plants,A photo of a lotus flower made of water. 
54.84533288837666,54.603956274401526,52.31828159606606,./Dataset/AIGCIQA2023/Image/allimg/219.png,controlNet,Style & Format,Produce & Plants,A photo of a lotus flower made of water. 
51.86962353299244,49.72248344904834,51.5777465343356,./Dataset/AIGCIQA2023/Image/allimg/220.png,controlNet,Style & Format,Food & Beverage,a painting of the food of china
59.44875352848512,54.72378726997216,61.35081479355554,./Dataset/AIGCIQA2023/Image/allimg/221.png,controlNet,Style & Format,Food & Beverage,a painting of the food of china
57.9391884842404,51.48823153791061,59.44405085387204,./Dataset/AIGCIQA2023/Image/allimg/222.png,controlNet,Style & Format,Food & Beverage,a painting of the food of china
49.35848763490795,47.38340915899731,50.135074770926174,./Dataset/AIGCIQA2023/Image/allimg/223.png,controlNet,Style & Format,Food & Beverage,a painting of the food of china
48.91899702813844,45.51279372943423,48.39338944421135,./Dataset/AIGCIQA2023/Image/allimg/224.png,controlNet,Style & Format,Illustrations,"an emoji of a baby penguin wearing a blue hat, red gloves, green shirt, and yellow pants"
65.81001063925264,50.6257193168838,46.22516091585884,./Dataset/AIGCIQA2023/Image/allimg/225.png,controlNet,Style & Format,Illustrations,"an emoji of a baby penguin wearing a blue hat, red gloves, green shirt, and yellow pants"
52.596354664672944,50.93505387386934,47.13208042895076,./Dataset/AIGCIQA2023/Image/allimg/226.png,controlNet,Style & Format,Illustrations,"an emoji of a baby penguin wearing a blue hat, red gloves, green shirt, and yellow pants"
52.18077959397033,44.07643619946284,46.34545484018639,./Dataset/AIGCIQA2023/Image/allimg/227.png,controlNet,Style & Format,Illustrations,"an emoji of a baby penguin wearing a blue hat, red gloves, green shirt, and yellow pants"
59.63235474349428,52.875082310898016,46.36488554815664,./Dataset/AIGCIQA2023/Image/allimg/228.png,controlNet,Style & Format,Arts,an oil painting of a tree and a building
50.51312102138343,54.756658357024186,55.70309590529466,./Dataset/AIGCIQA2023/Image/allimg/229.png,controlNet,Style & Format,Arts,an oil painting of a tree and a building
55.818884319955714,53.09712482232906,54.28856498170378,./Dataset/AIGCIQA2023/Image/allimg/230.png,controlNet,Style & Format,Arts,an oil painting of a tree and a building
49.42993159228919,51.79045968940783,56.51298470900357,./Dataset/AIGCIQA2023/Image/allimg/231.png,controlNet,Style & Format,Arts,an oil painting of a tree and a building
60.20073485719539,60.72582391890249,57.95454147595753,./Dataset/AIGCIQA2023/Image/allimg/232.png,controlNet,Style & Format,Outdoor Scenes,a painting of a white country home with a wrap-around porch
53.69295324642778,51.47706114964965,50.97923892874616,./Dataset/AIGCIQA2023/Image/allimg/233.png,controlNet,Style & Format,Outdoor Scenes,a painting of a white country home with a wrap-around porch
61.31788285481512,56.31497124836496,62.22472237452672,./Dataset/AIGCIQA2023/Image/allimg/234.png,controlNet,Style & Format,Outdoor Scenes,a painting of a white country home with a wrap-around porch
59.60017330425895,58.13487576425604,58.95459425816422,./Dataset/AIGCIQA2023/Image/allimg/235.png,controlNet,Style & Format,Outdoor Scenes,a painting of a white country home with a wrap-around porch
45.41128711216959,47.45458314339758,49.00996026503241,./Dataset/AIGCIQA2023/Image/allimg/236.png,controlNet,Style & Format,World Knowledge,Downtown Shanghai at sunrise. detailed ink wash.
53.23084213437054,48.7154292596446,52.94541609844274,./Dataset/AIGCIQA2023/Image/allimg/237.png,controlNet,Style & Format,World Knowledge,Downtown Shanghai at sunrise. detailed ink wash.
50.40870631265511,51.23361890183082,50.70966569254479,./Dataset/AIGCIQA2023/Image/allimg/238.png,controlNet,Style & Format,World Knowledge,Downtown Shanghai at sunrise. detailed ink wash.
51.451579144884974,52.18248505527252,52.33855281738655,./Dataset/AIGCIQA2023/Image/allimg/239.png,controlNet,Style & Format,World Knowledge,Downtown Shanghai at sunrise. detailed ink wash.
42.00468953232772,42.22218830580964,37.13058837235222,./Dataset/AIGCIQA2023/Image/allimg/240.png,controlNet,Writing & Symbols,Animals,"a cartoon of a dog saying ""I see what you did there"""
52.071601652956375,50.51712714973623,51.858447440528415,./Dataset/AIGCIQA2023/Image/allimg/241.png,controlNet,Writing & Symbols,Animals,"a cartoon of a dog saying ""I see what you did there"""
41.153991917019454,37.2322739782194,37.16095869730975,./Dataset/AIGCIQA2023/Image/allimg/242.png,controlNet,Writing & Symbols,Animals,"a cartoon of a dog saying ""I see what you did there"""
47.62154588648325,44.70438105929528,46.72243907721403,./Dataset/AIGCIQA2023/Image/allimg/243.png,controlNet,Writing & Symbols,Animals,"a cartoon of a dog saying ""I see what you did there"""
57.21872534369611,55.55743496569738,47.35554871819512,./Dataset/AIGCIQA2023/Image/allimg/244.png,controlNet,Writing & Symbols,People,the word 'HELLO' on a girl's face
54.823951909566816,51.40216984369833,45.21007836091462,./Dataset/AIGCIQA2023/Image/allimg/245.png,controlNet,Writing & Symbols,People,the word 'HELLO' on a girl's face
51.66641017186773,55.24858369697448,49.104612094248296,./Dataset/AIGCIQA2023/Image/allimg/246.png,controlNet,Writing & Symbols,People,the word 'HELLO' on a girl's face
61.59648806455905,60.2574098277826,41.15404570598929,./Dataset/AIGCIQA2023/Image/allimg/247.png,controlNet,Writing & Symbols,People,the word 'HELLO' on a girl's face
57.11061290522328,54.524568074388505,51.06705994427645,./Dataset/AIGCIQA2023/Image/allimg/248.png,controlNet,Writing & Symbols,Vehicles,a hot air balloon with chameleon logo. the sun is shining and puffy white clouds are in the background.
55.70705228236893,49.76755715601159,48.081164553945015,./Dataset/AIGCIQA2023/Image/allimg/249.png,controlNet,Writing & Symbols,Vehicles,a hot air balloon with chameleon logo. the sun is shining and puffy white clouds are in the background.
49.33310301314181,49.67622016184764,52.646932105764336,./Dataset/AIGCIQA2023/Image/allimg/250.png,controlNet,Writing & Symbols,Vehicles,a hot air balloon with chameleon logo. the sun is shining and puffy white clouds are in the background.
52.37359172863837,51.73015325068504,45.71399705630601,./Dataset/AIGCIQA2023/Image/allimg/251.png,controlNet,Writing & Symbols,Vehicles,a hot air balloon with chameleon logo. the sun is shining and puffy white clouds are in the background.
56.502047685212005,57.37749994823471,50.39318568930194,./Dataset/AIGCIQA2023/Image/allimg/252.png,controlNet,Writing & Symbols,Artifacts,A sign that says Deep Learning
47.22944911779684,47.30424546432512,41.25040826891807,./Dataset/AIGCIQA2023/Image/allimg/253.png,controlNet,Writing & Symbols,Artifacts,A sign that says Deep Learning
58.9876682795269,60.26190254378931,55.75590289582328,./Dataset/AIGCIQA2023/Image/allimg/254.png,controlNet,Writing & Symbols,Artifacts,A sign that says Deep Learning
53.73992880423221,51.07887411195101,42.27344381254135,./Dataset/AIGCIQA2023/Image/allimg/255.png,controlNet,Writing & Symbols,Artifacts,A sign that says Deep Learning
53.47555665962119,50.46764645438748,43.171761541031344,./Dataset/AIGCIQA2023/Image/allimg/256.png,controlNet,Writing & Symbols,Produce & Plants,the word 'APPLE' on an apple
52.09554104742326,47.51562192242121,43.32415657383528,./Dataset/AIGCIQA2023/Image/allimg/257.png,controlNet,Writing & Symbols,Produce & Plants,the word 'APPLE' on an apple
50.63098256530403,43.22252296389114,46.67573628829828,./Dataset/AIGCIQA2023/Image/allimg/258.png,controlNet,Writing & Symbols,Produce & Plants,the word 'APPLE' on an apple
55.20174382936424,50.96038421858852,44.70809966976268,./Dataset/AIGCIQA2023/Image/allimg/259.png,controlNet,Writing & Symbols,Produce & Plants,the word 'APPLE' on an apple
58.098190427582495,53.282248321679866,47.97204316449287,./Dataset/AIGCIQA2023/Image/allimg/260.png,controlNet,Writing & Symbols,Food & Beverage,"Two cups of coffee, one with latte art of the words ""LOVE"" written in one. The other has latte art of the words ""PEACE"" written in the other."
60.7312265291292,59.4326418140675,50.306571893298496,./Dataset/AIGCIQA2023/Image/allimg/261.png,controlNet,Writing & Symbols,Food & Beverage,"Two cups of coffee, one with latte art of the words ""LOVE"" written in one. The other has latte art of the words ""PEACE"" written in the other."
63.58360641500301,56.19633198708874,44.70939836727785,./Dataset/AIGCIQA2023/Image/allimg/262.png,controlNet,Writing & Symbols,Food & Beverage,"Two cups of coffee, one with latte art of the words ""LOVE"" written in one. The other has latte art of the words ""PEACE"" written in the other."
56.43883347220564,47.17776700716636,49.29940044592436,./Dataset/AIGCIQA2023/Image/allimg/263.png,controlNet,Writing & Symbols,Food & Beverage,"Two cups of coffee, one with latte art of the words ""LOVE"" written in one. The other has latte art of the words ""PEACE"" written in the other."
60.38897242626939,54.08546782630757,40.45806092954703,./Dataset/AIGCIQA2023/Image/allimg/264.png,controlNet,Writing & Symbols,Illustrations,the word 'START'
63.36334565732806,62.315387418828266,49.22889866425616,./Dataset/AIGCIQA2023/Image/allimg/265.png,controlNet,Writing & Symbols,Illustrations,the word 'START'
54.46494642579186,56.085721314408055,49.42378508609429,./Dataset/AIGCIQA2023/Image/allimg/266.png,controlNet,Writing & Symbols,Illustrations,the word 'START'
49.52168001525432,45.66059049743279,40.34991990140399,./Dataset/AIGCIQA2023/Image/allimg/267.png,controlNet,Writing & Symbols,Illustrations,the word 'START'
58.80533310482787,58.61848514533326,49.68778362550805,./Dataset/AIGCIQA2023/Image/allimg/268.png,controlNet,Writing & Symbols,Indoor Scenes,"a yellow wall with 'Hello, world.' written on it"
49.33817808815044,49.77781243803788,48.2646456341368,./Dataset/AIGCIQA2023/Image/allimg/269.png,controlNet,Writing & Symbols,Indoor Scenes,"a yellow wall with 'Hello, world.' written on it"
47.91700272774357,46.1958514630409,45.1320809677915,./Dataset/AIGCIQA2023/Image/allimg/270.png,controlNet,Writing & Symbols,Indoor Scenes,"a yellow wall with 'Hello, world.' written on it"
50.69139250945045,55.20872291501856,50.13229841383245,./Dataset/AIGCIQA2023/Image/allimg/271.png,controlNet,Writing & Symbols,Indoor Scenes,"a yellow wall with 'Hello, world.' written on it"
64.93015189436613,65.19435336304578,55.57901949836918,./Dataset/AIGCIQA2023/Image/allimg/272.png,controlNet,Writing & Symbols,Outdoor Scenes,a store front with 'Grassy Meadow' written on it
58.33835040425052,50.849881597193935,54.23271543991461,./Dataset/AIGCIQA2023/Image/allimg/273.png,controlNet,Writing & Symbols,Outdoor Scenes,a store front with 'Grassy Meadow' written on it
53.467497366432326,54.86260530605921,49.7054024300309,./Dataset/AIGCIQA2023/Image/allimg/274.png,controlNet,Writing & Symbols,Outdoor Scenes,a store front with 'Grassy Meadow' written on it
58.855111104427706,58.53300293770916,57.0289414319477,./Dataset/AIGCIQA2023/Image/allimg/275.png,controlNet,Writing & Symbols,Outdoor Scenes,a store front with 'Grassy Meadow' written on it
49.434283703228346,53.67890326592617,49.642282408707736,./Dataset/AIGCIQA2023/Image/allimg/276.png,controlNet,Writing & Symbols,World Knowledge,"A green sign that says ""Very Deep Learning"" and is at the edge of the Grand Canyon."
52.88378211723907,48.631321329216654,46.21018747938813,./Dataset/AIGCIQA2023/Image/allimg/277.png,controlNet,Writing & Symbols,World Knowledge,"A green sign that says ""Very Deep Learning"" and is at the edge of the Grand Canyon."
60.09498327848636,52.39360626346452,50.898807400558425,./Dataset/AIGCIQA2023/Image/allimg/278.png,controlNet,Writing & Symbols,World Knowledge,"A green sign that says ""Very Deep Learning"" and is at the edge of the Grand Canyon."
59.283432052916986,52.61154304590967,52.63091566404346,./Dataset/AIGCIQA2023/Image/allimg/279.png,controlNet,Writing & Symbols,World Knowledge,"A green sign that says ""Very Deep Learning"" and is at the edge of the Grand Canyon."
59.08868075485024,51.167877431413785,43.68048071694987,./Dataset/AIGCIQA2023/Image/allimg/304.png,controlNet,Quantity,Illustrations,three small yellow boxes
57.41708755486769,57.7095168122325,42.944081820708384,./Dataset/AIGCIQA2023/Image/allimg/305.png,controlNet,Quantity,Illustrations,three small yellow boxes
54.50423206378498,53.36251257044012,40.8699044299244,./Dataset/AIGCIQA2023/Image/allimg/306.png,controlNet,Quantity,Illustrations,three small yellow boxes
52.91158476762678,51.11130977176806,43.2867869992637,./Dataset/AIGCIQA2023/Image/allimg/307.png,controlNet,Quantity,Illustrations,three small yellow boxes
53.8928687196551,51.839550648393605,48.99304857637911,./Dataset/AIGCIQA2023/Image/allimg/344.png,controlNet,Perspective,Illustrations,A robot with a black visor and the number 42 on its chest. It stands proudly in front of an F1 race car. The sun is setting on a cityscape in the background. wide-angle view. comic book illustration.
47.1708796153413,50.55080145061287,44.90046517246818,./Dataset/AIGCIQA2023/Image/allimg/345.png,controlNet,Perspective,Illustrations,A robot with a black visor and the number 42 on its chest. It stands proudly in front of an F1 race car. The sun is setting on a cityscape in the background. wide-angle view. comic book illustration.
54.29665289411351,48.03493798786596,46.641410029547,./Dataset/AIGCIQA2023/Image/allimg/346.png,controlNet,Perspective,Illustrations,A robot with a black visor and the number 42 on its chest. It stands proudly in front of an F1 race car. The sun is setting on a cityscape in the background. wide-angle view. comic book illustration.
53.01564075028085,50.30407740332728,46.66163847956182,./Dataset/AIGCIQA2023/Image/allimg/347.png,controlNet,Perspective,Illustrations,A robot with a black visor and the number 42 on its chest. It stands proudly in front of an F1 race car. The sun is setting on a cityscape in the background. wide-angle view. comic book illustration.
62.515613404244014,59.786773913956665,54.37598700727669,./Dataset/AIGCIQA2023/Image/allimg/384.png,controlNet,Linguistic Structures,Illustrations,We painted the wall with cracks.
64.6474651856603,59.76216977453559,62.63370482155295,./Dataset/AIGCIQA2023/Image/allimg/385.png,controlNet,Linguistic Structures,Illustrations,We painted the wall with cracks.
53.99184773616453,53.61601647272205,51.74636651296263,./Dataset/AIGCIQA2023/Image/allimg/386.png,controlNet,Linguistic Structures,Illustrations,We painted the wall with cracks.
65.4869260317131,58.41495798937145,58.764349487833954,./Dataset/AIGCIQA2023/Image/allimg/387.png,controlNet,Linguistic Structures,Illustrations,We painted the wall with cracks.
53.00253572706674,53.04447678073166,56.803114568042,./Dataset/AIGCIQA2023/Image/allimg/452.png,DallE,Simple Detail,Artifacts,a teddy bear on a skateboard
58.39341245253469,62.94683564142237,59.62748410729641,./Dataset/AIGCIQA2023/Image/allimg/453.png,DallE,Simple Detail,Artifacts,a teddy bear on a skateboard
50.904103160868246,54.35329073140933,55.67953007297818,./Dataset/AIGCIQA2023/Image/allimg/454.png,DallE,Simple Detail,Artifacts,a teddy bear on a skateboard
54.3558976374844,52.96166439035101,58.58715690279504,./Dataset/AIGCIQA2023/Image/allimg/455.png,DallE,Simple Detail,Artifacts,a teddy bear on a skateboard
54.74251394227417,54.50744258818831,55.22386192089357,./Dataset/AIGCIQA2023/Image/allimg/464.png,DallE,Simple Detail,Illustrations,A heart made of chocolate
53.33077088723131,54.203822418626245,50.43204014608384,./Dataset/AIGCIQA2023/Image/allimg/465.png,DallE,Simple Detail,Illustrations,A heart made of chocolate
57.54034670786937,60.25690240085078,54.26452731468843,./Dataset/AIGCIQA2023/Image/allimg/466.png,DallE,Simple Detail,Illustrations,A heart made of chocolate
54.97707672441267,57.74272645669248,57.111893141337895,./Dataset/AIGCIQA2023/Image/allimg/467.png,DallE,Simple Detail,Illustrations,A heart made of chocolate
51.90736149533151,46.04774942843684,42.4896176640795,./Dataset/AIGCIQA2023/Image/allimg/480.png,DallE,Complex,Animals,A donkey is playing tug-of-war against an octopus. The donkey holds the rope in its mouth. A cat is jumping over the rope.
53.0682461894384,40.614381439440805,41.75495710362867,./Dataset/AIGCIQA2023/Image/allimg/481.png,DallE,Complex,Animals,A donkey is playing tug-of-war against an octopus. The donkey holds the rope in its mouth. A cat is jumping over the rope.
47.80791906276399,39.74208912869687,42.15279092730784,./Dataset/AIGCIQA2023/Image/allimg/482.png,DallE,Complex,Animals,A donkey is playing tug-of-war against an octopus. The donkey holds the rope in its mouth. A cat is jumping over the rope.
49.614631086282486,45.83710433031485,41.31017442741293,./Dataset/AIGCIQA2023/Image/allimg/483.png,DallE,Complex,Animals,A donkey is playing tug-of-war against an octopus. The donkey holds the rope in its mouth. A cat is jumping over the rope.
54.43118214528698,52.533841144712106,58.43561903564849,./Dataset/AIGCIQA2023/Image/allimg/492.png,DallE,Complex,Artifacts,a propaganda poster depicting a cat dressed as french emperor napoleon holding a piece of cheese
62.63818838020447,54.1759980066822,65.86550183691213,./Dataset/AIGCIQA2023/Image/allimg/493.png,DallE,Complex,Artifacts,a propaganda poster depicting a cat dressed as french emperor napoleon holding a piece of cheese
44.15017286166654,44.50263222605838,49.31753418204607,./Dataset/AIGCIQA2023/Image/allimg/494.png,DallE,Complex,Artifacts,a propaganda poster depicting a cat dressed as french emperor napoleon holding a piece of cheese
55.75069270453672,52.69713892959222,52.21258013461456,./Dataset/AIGCIQA2023/Image/allimg/495.png,DallE,Complex,Artifacts,a propaganda poster depicting a cat dressed as french emperor napoleon holding a piece of cheese
56.13378128093787,53.13819220977881,47.55463473990376,./Dataset/AIGCIQA2023/Image/allimg/504.png,DallE,Complex,Illustrations,"A set of 2x2 emoji icons with happy, angry, surprised and sobbing faces. The emoji icons look like colorful macarons. All of the macarons are wearing cowboy hats."
52.28372909376334,47.95257539225406,40.86246035348449,./Dataset/AIGCIQA2023/Image/allimg/505.png,DallE,Complex,Illustrations,"A set of 2x2 emoji icons with happy, angry, surprised and sobbing faces. The emoji icons look like colorful macarons. All of the macarons are wearing cowboy hats."
56.35309178617295,55.57328519489533,51.83090502714841,./Dataset/AIGCIQA2023/Image/allimg/506.png,DallE,Complex,Illustrations,"A set of 2x2 emoji icons with happy, angry, surprised and sobbing faces. The emoji icons look like colorful macarons. All of the macarons are wearing cowboy hats."
55.817468211705695,53.88017796650811,52.82872941570948,./Dataset/AIGCIQA2023/Image/allimg/507.png,DallE,Complex,Illustrations,"A set of 2x2 emoji icons with happy, angry, surprised and sobbing faces. The emoji icons look like colorful macarons. All of the macarons are wearing cowboy hats."
55.51153621084326,52.88858748025318,55.25750773767777,./Dataset/AIGCIQA2023/Image/allimg/516.png,DallE,Complex,World Knowledge,"An anime illustration of Sydney Opera House sitting next to Eiffel tower, under a blue night sky of roiling energy, exploding yellow stars, and radiating swirls of blu"
58.10052871146005,57.47011998926486,63.56706719167744,./Dataset/AIGCIQA2023/Image/allimg/517.png,DallE,Complex,World Knowledge,"An anime illustration of Sydney Opera House sitting next to Eiffel tower, under a blue night sky of roiling energy, exploding yellow stars, and radiating swirls of blu"
52.02521764116688,48.9465766375291,52.70252137730034,./Dataset/AIGCIQA2023/Image/allimg/518.png,DallE,Complex,World Knowledge,"An anime illustration of Sydney Opera House sitting next to Eiffel tower, under a blue night sky of roiling energy, exploding yellow stars, and radiating swirls of blu"
56.67756360884135,55.72156036903785,57.99237707992496,./Dataset/AIGCIQA2023/Image/allimg/519.png,DallE,Complex,World Knowledge,"An anime illustration of Sydney Opera House sitting next to Eiffel tower, under a blue night sky of roiling energy, exploding yellow stars, and radiating swirls of blu"
57.64572915107084,52.80255188790492,57.31207703649302,./Dataset/AIGCIQA2023/Image/allimg/520.png,DallE,Fine-grained Detail,Animals,a dolphin in an astronaut suit on saturn
52.44019994034723,44.58518557764676,51.5752663870467,./Dataset/AIGCIQA2023/Image/allimg/521.png,DallE,Fine-grained Detail,Animals,a dolphin in an astronaut suit on saturn
55.93715327030011,48.18886470742992,49.679217368992376,./Dataset/AIGCIQA2023/Image/allimg/522.png,DallE,Fine-grained Detail,Animals,a dolphin in an astronaut suit on saturn
57.44690920238529,45.57405317617437,56.63611551276806,./Dataset/AIGCIQA2023/Image/allimg/523.png,DallE,Fine-grained Detail,Animals,a dolphin in an astronaut suit on saturn
55.80358928802484,55.01103071692105,63.5607498585554,./Dataset/AIGCIQA2023/Image/allimg/532.png,DallE,Fine-grained Detail,Artifacts,purple lego dollhouse with a pool and a swing
52.45312437012101,49.87874144933545,46.859727913548255,./Dataset/AIGCIQA2023/Image/allimg/533.png,DallE,Fine-grained Detail,Artifacts,purple lego dollhouse with a pool and a swing
55.89205483099064,53.14714905102543,53.08938507884805,./Dataset/AIGCIQA2023/Image/allimg/534.png,DallE,Fine-grained Detail,Artifacts,purple lego dollhouse with a pool and a swing
54.542038779071376,50.4104103398748,50.91693473559575,./Dataset/AIGCIQA2023/Image/allimg/535.png,DallE,Fine-grained Detail,Artifacts,purple lego dollhouse with a pool and a swing
57.057919902499805,46.74885975568512,47.92621533556801,./Dataset/AIGCIQA2023/Image/allimg/544.png,DallE,Fine-grained Detail,Illustrations,a kids' book cover with an illustration of white dog driving a red pickup truck
55.19600419245121,52.02383205724272,60.50989831099948,./Dataset/AIGCIQA2023/Image/allimg/545.png,DallE,Fine-grained Detail,Illustrations,a kids' book cover with an illustration of white dog driving a red pickup truck
59.255071091377054,60.07185850665783,58.52179680019403,./Dataset/AIGCIQA2023/Image/allimg/546.png,DallE,Fine-grained Detail,Illustrations,a kids' book cover with an illustration of white dog driving a red pickup truck
57.01879611774501,57.26375393278151,52.12052669255469,./Dataset/AIGCIQA2023/Image/allimg/547.png,DallE,Fine-grained Detail,Illustrations,a kids' book cover with an illustration of white dog driving a red pickup truck
57.739367688495264,53.29519507203848,59.7218542031252,./Dataset/AIGCIQA2023/Image/allimg/556.png,DallE,Fine-grained Detail,World Knowledge,a teddy bear on a skateboard in times square
58.11310329976758,56.1634373638571,63.41165535888567,./Dataset/AIGCIQA2023/Image/allimg/557.png,DallE,Fine-grained Detail,World Knowledge,a teddy bear on a skateboard in times square
60.57100054746665,61.29007724540664,60.66839942968286,./Dataset/AIGCIQA2023/Image/allimg/558.png,DallE,Fine-grained Detail,World Knowledge,a teddy bear on a skateboard in times square
53.88976611623002,47.41703703352496,55.13386922112026,./Dataset/AIGCIQA2023/Image/allimg/559.png,DallE,Fine-grained Detail,World Knowledge,a teddy bear on a skateboard in times square
66.75236288227435,62.68694759211496,50.36051931370042,./Dataset/AIGCIQA2023/Image/allimg/560.png,DallE,Imagination,Animals,A blue colored dog
59.61630883354004,62.99326720465084,48.21304828197303,./Dataset/AIGCIQA2023/Image/allimg/561.png,DallE,Imagination,Animals,A blue colored dog
54.017087679863,55.12688317354508,41.63008456702869,./Dataset/AIGCIQA2023/Image/allimg/562.png,DallE,Imagination,Animals,A blue colored dog
56.6942805768111,62.06081611564009,41.99134750981582,./Dataset/AIGCIQA2023/Image/allimg/563.png,DallE,Imagination,Animals,A blue colored dog
68.17362142269505,64.19707305001634,68.89070988970994,./Dataset/AIGCIQA2023/Image/allimg/564.png,DallE,Imagination,People,A photo of an astronaut riding a horse in the forest.
54.97530222456227,53.438005264396416,58.05757887405142,./Dataset/AIGCIQA2023/Image/allimg/565.png,DallE,Imagination,People,A photo of an astronaut riding a horse in the forest.
58.47782057868684,52.24860218249967,57.178513045110265,./Dataset/AIGCIQA2023/Image/allimg/566.png,DallE,Imagination,People,A photo of an astronaut riding a horse in the forest.
63.38261197935294,62.59220343988975,65.24937184882782,./Dataset/AIGCIQA2023/Image/allimg/567.png,DallE,Imagination,People,A photo of an astronaut riding a horse in the forest.
60.49642069382892,52.40621766376937,60.75203707998819,./Dataset/AIGCIQA2023/Image/allimg/568.png,DallE,Imagination,Vehicles,A bicycle on top of a boat
62.75908642479406,58.94109844472371,61.24168937784837,./Dataset/AIGCIQA2023/Image/allimg/569.png,DallE,Imagination,Vehicles,A bicycle on top of a boat
64.94499484642438,59.42847121647943,63.805198479113706,./Dataset/AIGCIQA2023/Image/allimg/570.png,DallE,Imagination,Vehicles,A bicycle on top of a boat
54.040771012674,50.37228550261362,50.77043808864369,./Dataset/AIGCIQA2023/Image/allimg/571.png,DallE,Imagination,Vehicles,A bicycle on top of a boat
55.48816096823288,53.48929713760339,50.67595038660002,./Dataset/AIGCIQA2023/Image/allimg/572.png,DallE,Imagination,Artifacts,a sword slicing through a loaf of bread
55.00554938815558,45.26645648776236,58.39868680721702,./Dataset/AIGCIQA2023/Image/allimg/573.png,DallE,Imagination,Artifacts,a sword slicing through a loaf of bread
58.0097692230323,52.716253326485706,52.42294806943141,./Dataset/AIGCIQA2023/Image/allimg/574.png,DallE,Imagination,Artifacts,a sword slicing through a loaf of bread
54.41950669102353,53.70476127837534,64.17431577964805,./Dataset/AIGCIQA2023/Image/allimg/575.png,DallE,Imagination,Artifacts,a sword slicing through a loaf of bread
65.46997875093666,63.63726238905456,66.07450685240141,./Dataset/AIGCIQA2023/Image/allimg/576.png,DallE,Imagination,Produce & Plants,an orange wearing a cowboy hat
63.62568191761464,57.11680680759356,57.46155814452908,./Dataset/AIGCIQA2023/Image/allimg/577.png,DallE,Imagination,Produce & Plants,an orange wearing a cowboy hat
65.61065318641761,62.83816697341441,63.66520108375547,./Dataset/AIGCIQA2023/Image/allimg/578.png,DallE,Imagination,Produce & Plants,an orange wearing a cowboy hat
63.59091821151718,63.60276473097123,64.04163533580537,./Dataset/AIGCIQA2023/Image/allimg/579.png,DallE,Imagination,Produce & Plants,an orange wearing a cowboy hat
48.115632218676026,44.35133831360705,48.05812531790436,./Dataset/AIGCIQA2023/Image/allimg/580.png,DallE,Imagination,Food & Beverage,A bowl of soup that looks like a monster with tofu says deep learning
50.77223025171304,48.1516178577969,45.84707465448855,./Dataset/AIGCIQA2023/Image/allimg/581.png,DallE,Imagination,Food & Beverage,A bowl of soup that looks like a monster with tofu says deep learning
59.037771719588974,49.314555044267614,48.52529578307727,./Dataset/AIGCIQA2023/Image/allimg/582.png,DallE,Imagination,Food & Beverage,A bowl of soup that looks like a monster with tofu says deep learning
51.80801153777712,41.9558876524808,45.57168258977317,./Dataset/AIGCIQA2023/Image/allimg/583.png,DallE,Imagination,Food & Beverage,A bowl of soup that looks like a monster with tofu says deep learning
49.84372196614796,44.02917127001914,54.415922274491685,./Dataset/AIGCIQA2023/Image/allimg/584.png,DallE,Imagination,Illustrations,a drawing of a series of musical notes wrapped around the Earth
51.02691203426407,48.5548122258795,53.46066308986305,./Dataset/AIGCIQA2023/Image/allimg/585.png,DallE,Imagination,Illustrations,a drawing of a series of musical notes wrapped around the Earth
52.35448813351373,44.01550491530771,54.651365174964816,./Dataset/AIGCIQA2023/Image/allimg/586.png,DallE,Imagination,Illustrations,a drawing of a series of musical notes wrapped around the Earth
51.00062533105701,44.71148806979139,53.13326787986239,./Dataset/AIGCIQA2023/Image/allimg/587.png,DallE,Imagination,Illustrations,a drawing of a series of musical notes wrapped around the Earth
50.48068111914451,47.04282279128623,53.54653095071966,./Dataset/AIGCIQA2023/Image/allimg/588.png,DallE,Imagination,Indoor Scenes,a small kitchen with a white goat in it
59.221772543200906,52.03280459754056,53.43624832009971,./Dataset/AIGCIQA2023/Image/allimg/589.png,DallE,Imagination,Indoor Scenes,a small kitchen with a white goat in it
57.04560766551997,54.31849786945006,57.013919492476056,./Dataset/AIGCIQA2023/Image/allimg/590.png,DallE,Imagination,Indoor Scenes,a small kitchen with a white goat in it
53.47845832854794,46.47506881180255,52.66131809001352,./Dataset/AIGCIQA2023/Image/allimg/591.png,DallE,Imagination,Indoor Scenes,a small kitchen with a white goat in it
51.21873509299164,48.04995893447917,44.083826386642414,./Dataset/AIGCIQA2023/Image/allimg/592.png,DallE,Imagination,Outdoor Scenes,A large city fountain that has milk instead of water. Several cats are leaning into the fountain.
55.95035578120254,53.40461270426404,51.7453899217078,./Dataset/AIGCIQA2023/Image/allimg/593.png,DallE,Imagination,Outdoor Scenes,A large city fountain that has milk instead of water. Several cats are leaning into the fountain.
56.099281237288096,50.94039088872332,48.50399378153552,./Dataset/AIGCIQA2023/Image/allimg/594.png,DallE,Imagination,Outdoor Scenes,A large city fountain that has milk instead of water. Several cats are leaning into the fountain.
57.88743920702929,54.2797689941746,46.46342256152545,./Dataset/AIGCIQA2023/Image/allimg/595.png,DallE,Imagination,Outdoor Scenes,A large city fountain that has milk instead of water. Several cats are leaning into the fountain.
62.90247212154995,60.830969158825134,61.70001729764514,./Dataset/AIGCIQA2023/Image/allimg/596.png,DallE,Imagination,World Knowledge,an elephant walking on the Great Wall
57.2888482632532,48.68631903678648,46.53514806008836,./Dataset/AIGCIQA2023/Image/allimg/597.png,DallE,Imagination,World Knowledge,an elephant walking on the Great Wall
61.57528326647433,55.012513756867214,60.06443295984553,./Dataset/AIGCIQA2023/Image/allimg/598.png,DallE,Imagination,World Knowledge,an elephant walking on the Great Wall
58.63888342514324,57.84400168648959,59.49157384254069,./Dataset/AIGCIQA2023/Image/allimg/599.png,DallE,Imagination,World Knowledge,an elephant walking on the Great Wall
46.26940871202216,43.48905261541816,54.861831150480064,./Dataset/AIGCIQA2023/Image/allimg/600.png,DallE,Style & Format,Animals,A photo of a panda made of water.
52.86333783247867,53.19468541558693,59.05252354616678,./Dataset/AIGCIQA2023/Image/allimg/601.png,DallE,Style & Format,Animals,A photo of a panda made of water.
48.00894048930087,46.03362839578881,56.05016459382199,./Dataset/AIGCIQA2023/Image/allimg/602.png,DallE,Style & Format,Animals,A photo of a panda made of water.
46.29065528444711,39.850723163599866,47.13781106056814,./Dataset/AIGCIQA2023/Image/allimg/603.png,DallE,Style & Format,Animals,A photo of a panda made of water.
63.327673634998135,62.56440462555975,63.02158358227814,./Dataset/AIGCIQA2023/Image/allimg/604.png,DallE,Style & Format,People,"a portrait of a man wearing sunglasses and a business suit, painting in pop art style"
61.14634198142545,62.70745017441825,63.21961420028001,./Dataset/AIGCIQA2023/Image/allimg/605.png,DallE,Style & Format,People,"a portrait of a man wearing sunglasses and a business suit, painting in pop art style"
53.02996822443363,50.898263652162505,57.21745456089242,./Dataset/AIGCIQA2023/Image/allimg/606.png,DallE,Style & Format,People,"a portrait of a man wearing sunglasses and a business suit, painting in pop art style"
53.348680488548425,48.69446341992992,54.4235020744902,./Dataset/AIGCIQA2023/Image/allimg/607.png,DallE,Style & Format,People,"a portrait of a man wearing sunglasses and a business suit, painting in pop art style"
52.859544823169095,52.13689425528689,56.73299864763735,./Dataset/AIGCIQA2023/Image/allimg/608.png,DallE,Style & Format,Vehicles,a cartoon of a train going to the moon
56.36685942955395,50.71799735936029,54.31215172199708,./Dataset/AIGCIQA2023/Image/allimg/609.png,DallE,Style & Format,Vehicles,a cartoon of a train going to the moon
54.89877450394474,47.10926091574729,52.08444891937897,./Dataset/AIGCIQA2023/Image/allimg/610.png,DallE,Style & Format,Vehicles,a cartoon of a train going to the moon
56.5556732583653,56.905084353155054,54.241987246057946,./Dataset/AIGCIQA2023/Image/allimg/611.png,DallE,Style & Format,Vehicles,a cartoon of a train going to the moon
53.443035333277024,54.57542851130074,46.02955330888195,./Dataset/AIGCIQA2023/Image/allimg/612.png,DallE,Style & Format,Artifacts,A spaceship made of cardboard.
63.28503147899778,60.57260244887273,56.95549354081587,./Dataset/AIGCIQA2023/Image/allimg/613.png,DallE,Style & Format,Artifacts,A spaceship made of cardboard.
66.14652378453131,66.93786101565,67.32081170253338,./Dataset/AIGCIQA2023/Image/allimg/614.png,DallE,Style & Format,Artifacts,A spaceship made of cardboard.
55.71031211023222,52.59949385077845,55.23045666359659,./Dataset/AIGCIQA2023/Image/allimg/615.png,DallE,Style & Format,Artifacts,A spaceship made of cardboard.
64.04059516091746,63.22473512044202,54.4776479564386,./Dataset/AIGCIQA2023/Image/allimg/616.png,DallE,Style & Format,Produce & Plants,A photo of a lotus flower made of water. 
60.82430328067959,62.68710784865499,47.297821327450926,./Dataset/AIGCIQA2023/Image/allimg/617.png,DallE,Style & Format,Produce & Plants,A photo of a lotus flower made of water. 
58.198046359146886,56.03470004523275,51.20314218028516,./Dataset/AIGCIQA2023/Image/allimg/618.png,DallE,Style & Format,Produce & Plants,A photo of a lotus flower made of water. 
63.36418768048624,60.24624160916222,52.601756971338986,./Dataset/AIGCIQA2023/Image/allimg/619.png,DallE,Style & Format,Produce & Plants,A photo of a lotus flower made of water. 
52.47167419927344,53.861095005212505,55.86153211413207,./Dataset/AIGCIQA2023/Image/allimg/620.png,DallE,Style & Format,Food & Beverage,a painting of the food of china
46.95353419066488,49.565032277713534,49.70220235239985,./Dataset/AIGCIQA2023/Image/allimg/621.png,DallE,Style & Format,Food & Beverage,a painting of the food of china
58.70437428258727,54.33035458439493,54.7166735689796,./Dataset/AIGCIQA2023/Image/allimg/622.png,DallE,Style & Format,Food & Beverage,a painting of the food of china
54.94585150552504,54.92084943081479,56.17301003793754,./Dataset/AIGCIQA2023/Image/allimg/623.png,DallE,Style & Format,Food & Beverage,a painting of the food of china
52.596995537333285,51.73689005165537,41.98372688527607,./Dataset/AIGCIQA2023/Image/allimg/624.png,DallE,Style & Format,Illustrations,"an emoji of a baby penguin wearing a blue hat, red gloves, green shirt, and yellow pants"
58.356837466547645,58.1296511336851,62.23192325528212,./Dataset/AIGCIQA2023/Image/allimg/625.png,DallE,Style & Format,Illustrations,"an emoji of a baby penguin wearing a blue hat, red gloves, green shirt, and yellow pants"
58.14645443393929,58.71376809433069,56.042665714290685,./Dataset/AIGCIQA2023/Image/allimg/626.png,DallE,Style & Format,Illustrations,"an emoji of a baby penguin wearing a blue hat, red gloves, green shirt, and yellow pants"
57.94781320854129,50.51172515684426,50.09110957978144,./Dataset/AIGCIQA2023/Image/allimg/627.png,DallE,Style & Format,Illustrations,"an emoji of a baby penguin wearing a blue hat, red gloves, green shirt, and yellow pants"
52.57933963527898,49.36257255307176,52.86361994131708,./Dataset/AIGCIQA2023/Image/allimg/628.png,DallE,Style & Format,Arts,an oil painting of a tree and a building
52.0397226478642,56.962149463095685,56.77681050855181,./Dataset/AIGCIQA2023/Image/allimg/629.png,DallE,Style & Format,Arts,an oil painting of a tree and a building
53.37044534898713,56.54337114641468,58.54013885049011,./Dataset/AIGCIQA2023/Image/allimg/630.png,DallE,Style & Format,Arts,an oil painting of a tree and a building
49.81190245217147,49.28453889210882,52.41327863296915,./Dataset/AIGCIQA2023/Image/allimg/631.png,DallE,Style & Format,Arts,an oil painting of a tree and a building
49.14915797536254,55.1755029355276,55.82560964718103,./Dataset/AIGCIQA2023/Image/allimg/632.png,DallE,Style & Format,Outdoor Scenes,a painting of a white country home with a wrap-around porch
47.82526082248045,49.33729806275021,52.83316419158037,./Dataset/AIGCIQA2023/Image/allimg/633.png,DallE,Style & Format,Outdoor Scenes,a painting of a white country home with a wrap-around porch
60.108802473589336,55.83919306974817,59.85841111052984,./Dataset/AIGCIQA2023/Image/allimg/634.png,DallE,Style & Format,Outdoor Scenes,a painting of a white country home with a wrap-around porch
59.11560731167041,56.33524225266787,61.83560752714012,./Dataset/AIGCIQA2023/Image/allimg/635.png,DallE,Style & Format,Outdoor Scenes,a painting of a white country home with a wrap-around porch
51.14824120988128,50.12176625983251,53.103468344168576,./Dataset/AIGCIQA2023/Image/allimg/636.png,DallE,Style & Format,World Knowledge,Downtown Shanghai at sunrise. detailed ink wash.
47.62330353954455,52.14990137075127,53.558397234830615,./Dataset/AIGCIQA2023/Image/allimg/637.png,DallE,Style & Format,World Knowledge,Downtown Shanghai at sunrise. detailed ink wash.
50.3473634948255,47.66551438555493,55.58134140054226,./Dataset/AIGCIQA2023/Image/allimg/638.png,DallE,Style & Format,World Knowledge,Downtown Shanghai at sunrise. detailed ink wash.
55.21322811165072,54.70897991145889,53.95720229849636,./Dataset/AIGCIQA2023/Image/allimg/639.png,DallE,Style & Format,World Knowledge,Downtown Shanghai at sunrise. detailed ink wash.
51.79644314802984,50.93468932271367,47.957352493227326,./Dataset/AIGCIQA2023/Image/allimg/640.png,DallE,Writing & Symbols,Animals,"a cartoon of a dog saying ""I see what you did there"""
48.779968912925696,43.40993194892518,38.60102722062038,./Dataset/AIGCIQA2023/Image/allimg/641.png,DallE,Writing & Symbols,Animals,"a cartoon of a dog saying ""I see what you did there"""
60.23615224943629,57.10263039751048,56.1968290393918,./Dataset/AIGCIQA2023/Image/allimg/642.png,DallE,Writing & Symbols,Animals,"a cartoon of a dog saying ""I see what you did there"""
55.19090944682548,52.277920345246365,47.609117076895,./Dataset/AIGCIQA2023/Image/allimg/643.png,DallE,Writing & Symbols,Animals,"a cartoon of a dog saying ""I see what you did there"""
55.393399650954144,48.94482117865095,48.98685341142208,./Dataset/AIGCIQA2023/Image/allimg/644.png,DallE,Writing & Symbols,People,the word 'HELLO' on a girl's face
65.99151767254561,64.62270880331724,54.9649573067811,./Dataset/AIGCIQA2023/Image/allimg/645.png,DallE,Writing & Symbols,People,the word 'HELLO' on a girl's face
52.62368648238604,48.14712928624754,53.15725066305273,./Dataset/AIGCIQA2023/Image/allimg/646.png,DallE,Writing & Symbols,People,the word 'HELLO' on a girl's face
66.118306548423,65.89318629036286,56.847854284863615,./Dataset/AIGCIQA2023/Image/allimg/647.png,DallE,Writing & Symbols,People,the word 'HELLO' on a girl's face
55.51811295106931,50.66693434253595,52.9554103216975,./Dataset/AIGCIQA2023/Image/allimg/648.png,DallE,Writing & Symbols,Vehicles,a hot air balloon with chameleon logo. the sun is shining and puffy white clouds are in the background.
54.03231290179683,47.49069433846621,51.498729759477214,./Dataset/AIGCIQA2023/Image/allimg/649.png,DallE,Writing & Symbols,Vehicles,a hot air balloon with chameleon logo. the sun is shining and puffy white clouds are in the background.
55.93784735555371,48.98166134330776,44.68785063412583,./Dataset/AIGCIQA2023/Image/allimg/650.png,DallE,Writing & Symbols,Vehicles,a hot air balloon with chameleon logo. the sun is shining and puffy white clouds are in the background.
57.00070816409874,50.32911543278456,50.70491759979296,./Dataset/AIGCIQA2023/Image/allimg/651.png,DallE,Writing & Symbols,Vehicles,a hot air balloon with chameleon logo. the sun is shining and puffy white clouds are in the background.
62.80699967209622,60.71011723199855,52.46404225748661,./Dataset/AIGCIQA2023/Image/allimg/652.png,DallE,Writing & Symbols,Artifacts,A sign that says Deep Learning
57.1037415728869,54.718366697394536,52.82833527329839,./Dataset/AIGCIQA2023/Image/allimg/653.png,DallE,Writing & Symbols,Artifacts,A sign that says Deep Learning
60.98024142618813,55.67933602329507,48.794590163005424,./Dataset/AIGCIQA2023/Image/allimg/654.png,DallE,Writing & Symbols,Artifacts,A sign that says Deep Learning
55.33733858517528,52.68269303250135,47.331971456524464,./Dataset/AIGCIQA2023/Image/allimg/655.png,DallE,Writing & Symbols,Artifacts,A sign that says Deep Learning
51.77265796212782,54.43211441391039,48.36437950351837,./Dataset/AIGCIQA2023/Image/allimg/656.png,DallE,Writing & Symbols,Produce & Plants,the word 'APPLE' on an apple
49.51852726027247,45.14951052171115,45.1134321572777,./Dataset/AIGCIQA2023/Image/allimg/657.png,DallE,Writing & Symbols,Produce & Plants,the word 'APPLE' on an apple
56.61674476226972,64.28850576902886,63.72626552359592,./Dataset/AIGCIQA2023/Image/allimg/658.png,DallE,Writing & Symbols,Produce & Plants,the word 'APPLE' on an apple
57.518162029199175,52.91531878695533,50.5914623564935,./Dataset/AIGCIQA2023/Image/allimg/659.png,DallE,Writing & Symbols,Produce & Plants,the word 'APPLE' on an apple
53.71413809308434,59.29556733629435,49.69661562462238,./Dataset/AIGCIQA2023/Image/allimg/660.png,DallE,Writing & Symbols,Food & Beverage,"Two cups of coffee, one with latte art of the words ""LOVE"" written in one. The other has latte art of the words ""PEACE"" written in the other."
56.024288444050704,52.58928311635261,45.70432536079276,./Dataset/AIGCIQA2023/Image/allimg/661.png,DallE,Writing & Symbols,Food & Beverage,"Two cups of coffee, one with latte art of the words ""LOVE"" written in one. The other has latte art of the words ""PEACE"" written in the other."
57.29731789334062,57.86953861363262,47.19153840952264,./Dataset/AIGCIQA2023/Image/allimg/662.png,DallE,Writing & Symbols,Food & Beverage,"Two cups of coffee, one with latte art of the words ""LOVE"" written in one. The other has latte art of the words ""PEACE"" written in the other."
61.513334615533495,59.9005880050169,49.53118583068424,./Dataset/AIGCIQA2023/Image/allimg/663.png,DallE,Writing & Symbols,Food & Beverage,"Two cups of coffee, one with latte art of the words ""LOVE"" written in one. The other has latte art of the words ""PEACE"" written in the other."
52.57482876172346,55.79031845601854,56.2913669449372,./Dataset/AIGCIQA2023/Image/allimg/664.png,DallE,Writing & Symbols,Illustrations,the word 'START'
60.006453355166514,61.67196435962815,68.08166399981366,./Dataset/AIGCIQA2023/Image/allimg/665.png,DallE,Writing & Symbols,Illustrations,the word 'START'
61.51834927557392,59.51204561350147,56.5069664216,./Dataset/AIGCIQA2023/Image/allimg/666.png,DallE,Writing & Symbols,Illustrations,the word 'START'
52.11198548672939,61.90551372170837,52.031552681663776,./Dataset/AIGCIQA2023/Image/allimg/667.png,DallE,Writing & Symbols,Illustrations,the word 'START'
53.09007142720414,51.928680177102045,52.96786295275858,./Dataset/AIGCIQA2023/Image/allimg/668.png,DallE,Writing & Symbols,Indoor Scenes,"a yellow wall with 'Hello, world.' written on it"
55.317872329429406,53.5473513119919,47.13242916422646,./Dataset/AIGCIQA2023/Image/allimg/669.png,DallE,Writing & Symbols,Indoor Scenes,"a yellow wall with 'Hello, world.' written on it"
51.87420887278163,53.13509081237397,48.28113404008049,./Dataset/AIGCIQA2023/Image/allimg/670.png,DallE,Writing & Symbols,Indoor Scenes,"a yellow wall with 'Hello, world.' written on it"
43.47861316567448,44.04523487536314,44.55943744538912,./Dataset/AIGCIQA2023/Image/allimg/671.png,DallE,Writing & Symbols,Indoor Scenes,"a yellow wall with 'Hello, world.' written on it"
67.4251529027297,67.3340094649211,53.656919633177765,./Dataset/AIGCIQA2023/Image/allimg/672.png,DallE,Writing & Symbols,Outdoor Scenes,a store front with 'Grassy Meadow' written on it
60.704090530830726,58.45828776204362,51.297710554619,./Dataset/AIGCIQA2023/Image/allimg/673.png,DallE,Writing & Symbols,Outdoor Scenes,a store front with 'Grassy Meadow' written on it
64.08160744938205,59.8294542554002,47.971465730671774,./Dataset/AIGCIQA2023/Image/allimg/674.png,DallE,Writing & Symbols,Outdoor Scenes,a store front with 'Grassy Meadow' written on it
54.309903126958446,53.63566126219117,46.614424687143256,./Dataset/AIGCIQA2023/Image/allimg/675.png,DallE,Writing & Symbols,Outdoor Scenes,a store front with 'Grassy Meadow' written on it
64.6681221242397,61.71249125908014,51.44002115865554,./Dataset/AIGCIQA2023/Image/allimg/676.png,DallE,Writing & Symbols,World Knowledge,"A green sign that says ""Very Deep Learning"" and is at the edge of the Grand Canyon."
61.18194707047907,61.54329054387375,48.4838032304424,./Dataset/AIGCIQA2023/Image/allimg/677.png,DallE,Writing & Symbols,World Knowledge,"A green sign that says ""Very Deep Learning"" and is at the edge of the Grand Canyon."
55.75224036814367,55.25429795101645,44.72588891778503,./Dataset/AIGCIQA2023/Image/allimg/678.png,DallE,Writing & Symbols,World Knowledge,"A green sign that says ""Very Deep Learning"" and is at the edge of the Grand Canyon."
63.58505655883133,62.65962891384847,53.11593132734024,./Dataset/AIGCIQA2023/Image/allimg/679.png,DallE,Writing & Symbols,World Knowledge,"A green sign that says ""Very Deep Learning"" and is at the edge of the Grand Canyon."
59.55959348789886,60.42549015594797,69.32969163489717,./Dataset/AIGCIQA2023/Image/allimg/704.png,DallE,Quantity,Illustrations,three small yellow boxes
49.84563670031486,59.44293262522256,64.2186862656199,./Dataset/AIGCIQA2023/Image/allimg/705.png,DallE,Quantity,Illustrations,three small yellow boxes
67.03519504233982,62.63075591438834,68.15968332773232,./Dataset/AIGCIQA2023/Image/allimg/706.png,DallE,Quantity,Illustrations,three small yellow boxes
58.62307540585071,59.4094642667146,62.77396386881387,./Dataset/AIGCIQA2023/Image/allimg/707.png,DallE,Quantity,Illustrations,three small yellow boxes
55.68146065941568,51.30630376330036,53.91999179495281,./Dataset/AIGCIQA2023/Image/allimg/744.png,DallE,Perspective,Illustrations,A robot with a black visor and the number 42 on its chest. It stands proudly in front of an F1 race car. The sun is setting on a cityscape in the background. wide-angle view. comic book illustration.
61.99070474503121,55.33757209054526,50.73291892788247,./Dataset/AIGCIQA2023/Image/allimg/745.png,DallE,Perspective,Illustrations,A robot with a black visor and the number 42 on its chest. It stands proudly in front of an F1 race car. The sun is setting on a cityscape in the background. wide-angle view. comic book illustration.
47.26898585640658,46.490119341178975,42.05274440026583,./Dataset/AIGCIQA2023/Image/allimg/746.png,DallE,Perspective,Illustrations,A robot with a black visor and the number 42 on its chest. It stands proudly in front of an F1 race car. The sun is setting on a cityscape in the background. wide-angle view. comic book illustration.
57.28739662710623,58.39822831983607,55.7701605597181,./Dataset/AIGCIQA2023/Image/allimg/747.png,DallE,Perspective,Illustrations,A robot with a black visor and the number 42 on its chest. It stands proudly in front of an F1 race car. The sun is setting on a cityscape in the background. wide-angle view. comic book illustration.
53.68126002399721,53.46267448142056,51.359638441254376,./Dataset/AIGCIQA2023/Image/allimg/784.png,DallE,Linguistic Structures,Illustrations,We painted the wall with cracks.
61.58001716681103,57.89914765301317,51.322852446411744,./Dataset/AIGCIQA2023/Image/allimg/785.png,DallE,Linguistic Structures,Illustrations,We painted the wall with cracks.
64.23277533299503,60.79002207922836,61.62344578958442,./Dataset/AIGCIQA2023/Image/allimg/786.png,DallE,Linguistic Structures,Illustrations,We painted the wall with cracks.
59.05459680140406,61.22266401903529,58.21862891406662,./Dataset/AIGCIQA2023/Image/allimg/787.png,DallE,Linguistic Structures,Illustrations,We painted the wall with cracks.
39.84690040905544,41.8631615697998,40.59147554608823,./Dataset/AIGCIQA2023/Image/allimg/852.png,GLIDE,Simple Detail,Artifacts,a teddy bear on a skateboard
39.48014996906412,43.629217562211785,39.464041455149086,./Dataset/AIGCIQA2023/Image/allimg/853.png,GLIDE,Simple Detail,Artifacts,a teddy bear on a skateboard
40.02214196956344,40.11706606031132,39.865137775740685,./Dataset/AIGCIQA2023/Image/allimg/854.png,GLIDE,Simple Detail,Artifacts,a teddy bear on a skateboard
40.689584594239605,52.67824246220464,44.04211794163048,./Dataset/AIGCIQA2023/Image/allimg/855.png,GLIDE,Simple Detail,Artifacts,a teddy bear on a skateboard
39.24153346919197,41.73392227639386,41.09316245820827,./Dataset/AIGCIQA2023/Image/allimg/864.png,GLIDE,Simple Detail,Illustrations,A heart made of chocolate
43.99743649438366,49.420233984112336,44.73932976650974,./Dataset/AIGCIQA2023/Image/allimg/865.png,GLIDE,Simple Detail,Illustrations,A heart made of chocolate
43.35146637654115,53.07466697074956,54.90589547953672,./Dataset/AIGCIQA2023/Image/allimg/866.png,GLIDE,Simple Detail,Illustrations,A heart made of chocolate
45.95826963702228,53.45581120927129,54.96005087353784,./Dataset/AIGCIQA2023/Image/allimg/867.png,GLIDE,Simple Detail,Illustrations,A heart made of chocolate
36.54902962244408,39.06113769079722,38.19066447925925,./Dataset/AIGCIQA2023/Image/allimg/880.png,GLIDE,Complex,Animals,A donkey is playing tug-of-war against an octopus. The donkey holds the rope in its mouth. A cat is jumping over the rope.
39.21361163924034,38.62783424739145,43.3913688623076,./Dataset/AIGCIQA2023/Image/allimg/881.png,GLIDE,Complex,Animals,A donkey is playing tug-of-war against an octopus. The donkey holds the rope in its mouth. A cat is jumping over the rope.
40.40904052939722,38.48132474138244,37.76028080737591,./Dataset/AIGCIQA2023/Image/allimg/882.png,GLIDE,Complex,Animals,A donkey is playing tug-of-war against an octopus. The donkey holds the rope in its mouth. A cat is jumping over the rope.
37.42399758893213,33.79682352676964,39.61977531903938,./Dataset/AIGCIQA2023/Image/allimg/883.png,GLIDE,Complex,Animals,A donkey is playing tug-of-war against an octopus. The donkey holds the rope in its mouth. A cat is jumping over the rope.
37.750313143063394,43.46701389802221,42.97755381823184,./Dataset/AIGCIQA2023/Image/allimg/892.png,GLIDE,Complex,Artifacts,a propaganda poster depicting a cat dressed as french emperor napoleon holding a piece of cheese
33.958888438911416,37.88913831529249,40.20786362113836,./Dataset/AIGCIQA2023/Image/allimg/893.png,GLIDE,Complex,Artifacts,a propaganda poster depicting a cat dressed as french emperor napoleon holding a piece of cheese
39.98326602264463,43.778459492564814,39.72835867334171,./Dataset/AIGCIQA2023/Image/allimg/894.png,GLIDE,Complex,Artifacts,a propaganda poster depicting a cat dressed as french emperor napoleon holding a piece of cheese
38.39996468294759,39.22855670746335,39.21107165607079,./Dataset/AIGCIQA2023/Image/allimg/895.png,GLIDE,Complex,Artifacts,a propaganda poster depicting a cat dressed as french emperor napoleon holding a piece of cheese
40.363863875609525,40.68314660177264,36.718915986610256,./Dataset/AIGCIQA2023/Image/allimg/904.png,GLIDE,Complex,Illustrations,"A set of 2x2 emoji icons with happy, angry, surprised and sobbing faces. The emoji icons look like colorful macarons. All of the macarons are wearing cowboy hats."
42.22304921177186,46.19634603517024,39.36064261881186,./Dataset/AIGCIQA2023/Image/allimg/905.png,GLIDE,Complex,Illustrations,"A set of 2x2 emoji icons with happy, angry, surprised and sobbing faces. The emoji icons look like colorful macarons. All of the macarons are wearing cowboy hats."
37.69043164560342,38.420982831653816,36.387544801421846,./Dataset/AIGCIQA2023/Image/allimg/906.png,GLIDE,Complex,Illustrations,"A set of 2x2 emoji icons with happy, angry, surprised and sobbing faces. The emoji icons look like colorful macarons. All of the macarons are wearing cowboy hats."
35.421329218706866,44.15583124625768,40.66924251334503,./Dataset/AIGCIQA2023/Image/allimg/907.png,GLIDE,Complex,Illustrations,"A set of 2x2 emoji icons with happy, angry, surprised and sobbing faces. The emoji icons look like colorful macarons. All of the macarons are wearing cowboy hats."
37.49027109348287,40.53927115064791,43.79214457732401,./Dataset/AIGCIQA2023/Image/allimg/916.png,GLIDE,Complex,World Knowledge,"An anime illustration of Sydney Opera House sitting next to Eiffel tower, under a blue night sky of roiling energy, exploding yellow stars, and radiating swirls of blu"
39.87543504692641,43.73798923500324,47.20084011987485,./Dataset/AIGCIQA2023/Image/allimg/917.png,GLIDE,Complex,World Knowledge,"An anime illustration of Sydney Opera House sitting next to Eiffel tower, under a blue night sky of roiling energy, exploding yellow stars, and radiating swirls of blu"
45.7577382768975,45.84976477712946,51.05322363100497,./Dataset/AIGCIQA2023/Image/allimg/918.png,GLIDE,Complex,World Knowledge,"An anime illustration of Sydney Opera House sitting next to Eiffel tower, under a blue night sky of roiling energy, exploding yellow stars, and radiating swirls of blu"
44.79670632907936,48.1222287206198,47.86913696322211,./Dataset/AIGCIQA2023/Image/allimg/919.png,GLIDE,Complex,World Knowledge,"An anime illustration of Sydney Opera House sitting next to Eiffel tower, under a blue night sky of roiling energy, exploding yellow stars, and radiating swirls of blu"
43.92311384288047,41.4321675671095,38.94612216790987,./Dataset/AIGCIQA2023/Image/allimg/920.png,GLIDE,Fine-grained Detail,Animals,a dolphin in an astronaut suit on saturn
37.32363326524906,41.05033572289934,41.248829643814936,./Dataset/AIGCIQA2023/Image/allimg/921.png,GLIDE,Fine-grained Detail,Animals,a dolphin in an astronaut suit on saturn
44.30788637782291,48.2130124335228,42.83928220934231,./Dataset/AIGCIQA2023/Image/allimg/922.png,GLIDE,Fine-grained Detail,Animals,a dolphin in an astronaut suit on saturn
42.45807557343674,47.22339494603004,39.604828119867065,./Dataset/AIGCIQA2023/Image/allimg/923.png,GLIDE,Fine-grained Detail,Animals,a dolphin in an astronaut suit on saturn
44.02499780756652,43.27050383016952,41.79887849540574,./Dataset/AIGCIQA2023/Image/allimg/932.png,GLIDE,Fine-grained Detail,Artifacts,purple lego dollhouse with a pool and a swing
41.64386788176969,43.70258044920019,50.76137041736771,./Dataset/AIGCIQA2023/Image/allimg/933.png,GLIDE,Fine-grained Detail,Artifacts,purple lego dollhouse with a pool and a swing
37.712468571706765,38.129745837711575,49.400161124734645,./Dataset/AIGCIQA2023/Image/allimg/934.png,GLIDE,Fine-grained Detail,Artifacts,purple lego dollhouse with a pool and a swing
40.40779684154405,48.34797545883255,44.87825563405777,./Dataset/AIGCIQA2023/Image/allimg/935.png,GLIDE,Fine-grained Detail,Artifacts,purple lego dollhouse with a pool and a swing
46.54323090923794,49.29163280129906,44.71855008403405,./Dataset/AIGCIQA2023/Image/allimg/944.png,GLIDE,Fine-grained Detail,Illustrations,a kids' book cover with an illustration of white dog driving a red pickup truck
37.59180809655418,45.44783958223178,43.18092108894044,./Dataset/AIGCIQA2023/Image/allimg/945.png,GLIDE,Fine-grained Detail,Illustrations,a kids' book cover with an illustration of white dog driving a red pickup truck
39.451796781565534,41.97805796642135,42.45701605377514,./Dataset/AIGCIQA2023/Image/allimg/946.png,GLIDE,Fine-grained Detail,Illustrations,a kids' book cover with an illustration of white dog driving a red pickup truck
46.9716968447292,49.34903926372037,47.35694422317313,./Dataset/AIGCIQA2023/Image/allimg/947.png,GLIDE,Fine-grained Detail,Illustrations,a kids' book cover with an illustration of white dog driving a red pickup truck
45.3150185527052,47.859287725470566,40.99710589012503,./Dataset/AIGCIQA2023/Image/allimg/956.png,GLIDE,Fine-grained Detail,World Knowledge,a teddy bear on a skateboard in times square
37.28138021311109,41.14239386579559,41.27308149102381,./Dataset/AIGCIQA2023/Image/allimg/957.png,GLIDE,Fine-grained Detail,World Knowledge,a teddy bear on a skateboard in times square
44.07184689421308,55.030258015355045,43.94224073233926,./Dataset/AIGCIQA2023/Image/allimg/958.png,GLIDE,Fine-grained Detail,World Knowledge,a teddy bear on a skateboard in times square
39.39321837716536,44.81016503366093,42.73842672116619,./Dataset/AIGCIQA2023/Image/allimg/959.png,GLIDE,Fine-grained Detail,World Knowledge,a teddy bear on a skateboard in times square
43.58328812912188,40.88492162617308,64.43503735276174,./Dataset/AIGCIQA2023/Image/allimg/960.png,GLIDE,Imagination,Animals,A blue colored dog
41.98507812680123,47.08788657153181,51.26105547410542,./Dataset/AIGCIQA2023/Image/allimg/961.png,GLIDE,Imagination,Animals,A blue colored dog
50.97934481248655,55.62217761555631,54.45358682132533,./Dataset/AIGCIQA2023/Image/allimg/962.png,GLIDE,Imagination,Animals,A blue colored dog
39.12775960961308,47.04645762800695,39.71786626193051,./Dataset/AIGCIQA2023/Image/allimg/963.png,GLIDE,Imagination,Animals,A blue colored dog
39.40350273377072,41.76959757009659,42.31920353940731,./Dataset/AIGCIQA2023/Image/allimg/964.png,GLIDE,Imagination,People,A photo of an astronaut riding a horse in the forest.
39.27984959124366,41.58815159822968,37.2788733214704,./Dataset/AIGCIQA2023/Image/allimg/965.png,GLIDE,Imagination,People,A photo of an astronaut riding a horse in the forest.
35.47178082107253,42.27197832051393,42.94375777639178,./Dataset/AIGCIQA2023/Image/allimg/966.png,GLIDE,Imagination,People,A photo of an astronaut riding a horse in the forest.
34.48076096949393,40.03557996207656,33.33154397176035,./Dataset/AIGCIQA2023/Image/allimg/967.png,GLIDE,Imagination,People,A photo of an astronaut riding a horse in the forest.
38.60278900604405,42.96464545221989,34.17141251519202,./Dataset/AIGCIQA2023/Image/allimg/968.png,GLIDE,Imagination,Vehicles,A bicycle on top of a boat
40.68409512230626,42.99502812494373,40.44969773933528,./Dataset/AIGCIQA2023/Image/allimg/969.png,GLIDE,Imagination,Vehicles,A bicycle on top of a boat
40.6515707503196,46.41921757356587,46.29591674259209,./Dataset/AIGCIQA2023/Image/allimg/970.png,GLIDE,Imagination,Vehicles,A bicycle on top of a boat
39.99094138608562,44.87581581936107,40.033104767025065,./Dataset/AIGCIQA2023/Image/allimg/971.png,GLIDE,Imagination,Vehicles,A bicycle on top of a boat
37.752710927720976,45.13677159906871,39.14853306558207,./Dataset/AIGCIQA2023/Image/allimg/972.png,GLIDE,Imagination,Artifacts,a sword slicing through a loaf of bread
36.10671821453159,41.40015899113583,38.736091882560494,./Dataset/AIGCIQA2023/Image/allimg/973.png,GLIDE,Imagination,Artifacts,a sword slicing through a loaf of bread
36.45287849810371,44.30751569005954,42.14412479792056,./Dataset/AIGCIQA2023/Image/allimg/974.png,GLIDE,Imagination,Artifacts,a sword slicing through a loaf of bread
38.52552767676873,44.7637239664149,40.20050802228933,./Dataset/AIGCIQA2023/Image/allimg/975.png,GLIDE,Imagination,Artifacts,a sword slicing through a loaf of bread
33.48678171899748,32.90297233325448,32.242474108291844,./Dataset/AIGCIQA2023/Image/allimg/976.png,GLIDE,Imagination,Produce & Plants,an orange wearing a cowboy hat
39.137337749071854,47.09095904793676,41.01741452833396,./Dataset/AIGCIQA2023/Image/allimg/977.png,GLIDE,Imagination,Produce & Plants,an orange wearing a cowboy hat
37.23660195780006,36.12342889485593,37.54614946255364,./Dataset/AIGCIQA2023/Image/allimg/978.png,GLIDE,Imagination,Produce & Plants,an orange wearing a cowboy hat
40.36532318462589,41.61063216531775,39.44143237311554,./Dataset/AIGCIQA2023/Image/allimg/979.png,GLIDE,Imagination,Produce & Plants,an orange wearing a cowboy hat
36.81288911871688,42.18060310509468,41.32083969550249,./Dataset/AIGCIQA2023/Image/allimg/980.png,GLIDE,Imagination,Food & Beverage,A bowl of soup that looks like a monster with tofu says deep learning
39.558277622597686,42.55560864566368,43.45158146632353,./Dataset/AIGCIQA2023/Image/allimg/981.png,GLIDE,Imagination,Food & Beverage,A bowl of soup that looks like a monster with tofu says deep learning
34.098751496672584,51.59537379492836,42.17145861020127,./Dataset/AIGCIQA2023/Image/allimg/982.png,GLIDE,Imagination,Food & Beverage,A bowl of soup that looks like a monster with tofu says deep learning
41.0555439253908,48.207212931032586,41.28577594605054,./Dataset/AIGCIQA2023/Image/allimg/983.png,GLIDE,Imagination,Food & Beverage,A bowl of soup that looks like a monster with tofu says deep learning
40.43460017988599,46.0475788956601,45.21661871112451,./Dataset/AIGCIQA2023/Image/allimg/984.png,GLIDE,Imagination,Illustrations,a drawing of a series of musical notes wrapped around the Earth
33.94051636301868,33.221361734216856,30.47667074913577,./Dataset/AIGCIQA2023/Image/allimg/985.png,GLIDE,Imagination,Illustrations,a drawing of a series of musical notes wrapped around the Earth
39.58394388386891,43.89027997649707,41.77452676463231,./Dataset/AIGCIQA2023/Image/allimg/986.png,GLIDE,Imagination,Illustrations,a drawing of a series of musical notes wrapped around the Earth
34.11955112242268,39.74416829022383,35.00818315369358,./Dataset/AIGCIQA2023/Image/allimg/987.png,GLIDE,Imagination,Illustrations,a drawing of a series of musical notes wrapped around the Earth
40.666518172039225,41.97948314527211,43.90458989776649,./Dataset/AIGCIQA2023/Image/allimg/988.png,GLIDE,Imagination,Indoor Scenes,a small kitchen with a white goat in it
39.40006560699626,48.8820353804316,43.581597034238015,./Dataset/AIGCIQA2023/Image/allimg/989.png,GLIDE,Imagination,Indoor Scenes,a small kitchen with a white goat in it
42.592689635274034,52.75814830434937,42.13565415467757,./Dataset/AIGCIQA2023/Image/allimg/990.png,GLIDE,Imagination,Indoor Scenes,a small kitchen with a white goat in it
36.14693877951207,39.86841416948883,41.07973539017043,./Dataset/AIGCIQA2023/Image/allimg/991.png,GLIDE,Imagination,Indoor Scenes,a small kitchen with a white goat in it
39.7228726770844,41.45684123525858,42.8321034491495,./Dataset/AIGCIQA2023/Image/allimg/992.png,GLIDE,Imagination,Outdoor Scenes,A large city fountain that has milk instead of water. Several cats are leaning into the fountain.
40.56278357606857,44.328853265123655,41.35532791719817,./Dataset/AIGCIQA2023/Image/allimg/993.png,GLIDE,Imagination,Outdoor Scenes,A large city fountain that has milk instead of water. Several cats are leaning into the fountain.
37.95839543976536,40.59489129635211,41.5359002019015,./Dataset/AIGCIQA2023/Image/allimg/994.png,GLIDE,Imagination,Outdoor Scenes,A large city fountain that has milk instead of water. Several cats are leaning into the fountain.
39.41772819780015,44.403696477380144,43.16092642199927,./Dataset/AIGCIQA2023/Image/allimg/995.png,GLIDE,Imagination,Outdoor Scenes,A large city fountain that has milk instead of water. Several cats are leaning into the fountain.
41.09800326116223,47.9385195410196,52.45544346758203,./Dataset/AIGCIQA2023/Image/allimg/996.png,GLIDE,Imagination,World Knowledge,an elephant walking on the Great Wall
36.65279149735875,38.00625812171025,50.0032274742089,./Dataset/AIGCIQA2023/Image/allimg/997.png,GLIDE,Imagination,World Knowledge,an elephant walking on the Great Wall
44.10271753174448,42.27802890252635,48.177320195776296,./Dataset/AIGCIQA2023/Image/allimg/998.png,GLIDE,Imagination,World Knowledge,an elephant walking on the Great Wall
46.52015994114637,47.19258168912453,46.843183966670864,./Dataset/AIGCIQA2023/Image/allimg/999.png,GLIDE,Imagination,World Knowledge,an elephant walking on the Great Wall
41.75234495606703,42.81615254973577,39.923229949959385,./Dataset/AIGCIQA2023/Image/allimg/1000.png,GLIDE,Style & Format,Animals,A photo of a panda made of water.
37.345932191899976,42.54847640640232,47.607437091525,./Dataset/AIGCIQA2023/Image/allimg/1001.png,GLIDE,Style & Format,Animals,A photo of a panda made of water.
45.63508639599085,49.31535728478831,49.76122997976687,./Dataset/AIGCIQA2023/Image/allimg/1002.png,GLIDE,Style & Format,Animals,A photo of a panda made of water.
41.71437087214569,43.56964255650486,40.813227572701216,./Dataset/AIGCIQA2023/Image/allimg/1003.png,GLIDE,Style & Format,Animals,A photo of a panda made of water.
41.92593374829297,36.37626695642107,36.924760867500055,./Dataset/AIGCIQA2023/Image/allimg/1004.png,GLIDE,Style & Format,People,"a portrait of a man wearing sunglasses and a business suit, painting in pop art style"
42.172367106695695,41.13421401194738,35.41215115380744,./Dataset/AIGCIQA2023/Image/allimg/1005.png,GLIDE,Style & Format,People,"a portrait of a man wearing sunglasses and a business suit, painting in pop art style"
34.419562985183155,36.27395860707711,35.70044650159853,./Dataset/AIGCIQA2023/Image/allimg/1006.png,GLIDE,Style & Format,People,"a portrait of a man wearing sunglasses and a business suit, painting in pop art style"
38.37739463276044,42.261829073999394,38.36715005083936,./Dataset/AIGCIQA2023/Image/allimg/1007.png,GLIDE,Style & Format,People,"a portrait of a man wearing sunglasses and a business suit, painting in pop art style"
41.401712719140185,41.28074238153378,44.75614030678637,./Dataset/AIGCIQA2023/Image/allimg/1008.png,GLIDE,Style & Format,Vehicles,a cartoon of a train going to the moon
38.52842606308804,44.10403053918863,44.80667005358424,./Dataset/AIGCIQA2023/Image/allimg/1009.png,GLIDE,Style & Format,Vehicles,a cartoon of a train going to the moon
40.60377880771293,40.49322349208326,37.49117857602595,./Dataset/AIGCIQA2023/Image/allimg/1010.png,GLIDE,Style & Format,Vehicles,a cartoon of a train going to the moon
42.55147321912895,41.47441541968887,47.50665075495862,./Dataset/AIGCIQA2023/Image/allimg/1011.png,GLIDE,Style & Format,Vehicles,a cartoon of a train going to the moon
35.89765321459144,42.57630129857255,42.550274784412245,./Dataset/AIGCIQA2023/Image/allimg/1012.png,GLIDE,Style & Format,Artifacts,A spaceship made of cardboard.
34.09106082111614,35.39295642784579,39.48012706987949,./Dataset/AIGCIQA2023/Image/allimg/1013.png,GLIDE,Style & Format,Artifacts,A spaceship made of cardboard.
36.5699518159017,41.06620500908531,39.64091870086276,./Dataset/AIGCIQA2023/Image/allimg/1014.png,GLIDE,Style & Format,Artifacts,A spaceship made of cardboard.
33.88880430669715,34.819789031047726,38.53904808208259,./Dataset/AIGCIQA2023/Image/allimg/1015.png,GLIDE,Style & Format,Artifacts,A spaceship made of cardboard.
41.729441309326674,53.01311513994828,44.91455580429438,./Dataset/AIGCIQA2023/Image/allimg/1016.png,GLIDE,Style & Format,Produce & Plants,A photo of a lotus flower made of water. 
41.87150200638276,45.527384376269865,48.27670002382594,./Dataset/AIGCIQA2023/Image/allimg/1017.png,GLIDE,Style & Format,Produce & Plants,A photo of a lotus flower made of water. 
44.590961118098384,54.87415693028424,45.14379981265925,./Dataset/AIGCIQA2023/Image/allimg/1018.png,GLIDE,Style & Format,Produce & Plants,A photo of a lotus flower made of water. 
43.06467515870607,55.19556217346883,49.3787494200037,./Dataset/AIGCIQA2023/Image/allimg/1019.png,GLIDE,Style & Format,Produce & Plants,A photo of a lotus flower made of water. 
37.16563726011592,40.24187032336794,45.09668844387073,./Dataset/AIGCIQA2023/Image/allimg/1020.png,GLIDE,Style & Format,Food & Beverage,a painting of the food of china
40.85265647747311,48.00012016736604,47.27386269246412,./Dataset/AIGCIQA2023/Image/allimg/1021.png,GLIDE,Style & Format,Food & Beverage,a painting of the food of china
38.9080824749743,42.96754919503283,41.56710477003893,./Dataset/AIGCIQA2023/Image/allimg/1022.png,GLIDE,Style & Format,Food & Beverage,a painting of the food of china
40.63246322092284,48.799648492708016,50.47646243173966,./Dataset/AIGCIQA2023/Image/allimg/1023.png,GLIDE,Style & Format,Food & Beverage,a painting of the food of china
35.94843436839423,37.96429076623715,38.87938774337246,./Dataset/AIGCIQA2023/Image/allimg/1024.png,GLIDE,Style & Format,Illustrations,"an emoji of a baby penguin wearing a blue hat, red gloves, green shirt, and yellow pants"
39.04423372546743,39.67422083426907,42.29493715451003,./Dataset/AIGCIQA2023/Image/allimg/1025.png,GLIDE,Style & Format,Illustrations,"an emoji of a baby penguin wearing a blue hat, red gloves, green shirt, and yellow pants"
43.75011667249632,42.58052311460901,49.35523148579853,./Dataset/AIGCIQA2023/Image/allimg/1026.png,GLIDE,Style & Format,Illustrations,"an emoji of a baby penguin wearing a blue hat, red gloves, green shirt, and yellow pants"
41.72308666691954,49.79752446109935,44.5786052183943,./Dataset/AIGCIQA2023/Image/allimg/1027.png,GLIDE,Style & Format,Illustrations,"an emoji of a baby penguin wearing a blue hat, red gloves, green shirt, and yellow pants"
42.36637113610649,46.69028141572195,52.63784162635111,./Dataset/AIGCIQA2023/Image/allimg/1028.png,GLIDE,Style & Format,Arts,an oil painting of a tree and a building
29.986751404091034,33.069062101406985,39.23340193665448,./Dataset/AIGCIQA2023/Image/allimg/1029.png,GLIDE,Style & Format,Arts,an oil painting of a tree and a building
37.42375458165867,47.03597810961814,49.81964860772556,./Dataset/AIGCIQA2023/Image/allimg/1030.png,GLIDE,Style & Format,Arts,an oil painting of a tree and a building
41.25721816030764,39.3236366650696,54.58352317858805,./Dataset/AIGCIQA2023/Image/allimg/1031.png,GLIDE,Style & Format,Arts,an oil painting of a tree and a building
42.583316537088514,44.5071266317246,44.84490957788094,./Dataset/AIGCIQA2023/Image/allimg/1032.png,GLIDE,Style & Format,Outdoor Scenes,a painting of a white country home with a wrap-around porch
43.5013637119992,47.67443203454164,53.6226604077772,./Dataset/AIGCIQA2023/Image/allimg/1033.png,GLIDE,Style & Format,Outdoor Scenes,a painting of a white country home with a wrap-around porch
44.09924394803247,42.68068713953818,52.24701454267485,./Dataset/AIGCIQA2023/Image/allimg/1034.png,GLIDE,Style & Format,Outdoor Scenes,a painting of a white country home with a wrap-around porch
37.679220991025865,44.65085071807484,46.55945262440878,./Dataset/AIGCIQA2023/Image/allimg/1035.png,GLIDE,Style & Format,Outdoor Scenes,a painting of a white country home with a wrap-around porch
41.00294403793659,43.63980328573562,47.87864516710199,./Dataset/AIGCIQA2023/Image/allimg/1036.png,GLIDE,Style & Format,World Knowledge,Downtown Shanghai at sunrise. detailed ink wash.
39.20345076506087,44.34341117142274,45.92351706316702,./Dataset/AIGCIQA2023/Image/allimg/1037.png,GLIDE,Style & Format,World Knowledge,Downtown Shanghai at sunrise. detailed ink wash.
37.84150408973673,38.40849006177442,40.16598514362396,./Dataset/AIGCIQA2023/Image/allimg/1038.png,GLIDE,Style & Format,World Knowledge,Downtown Shanghai at sunrise. detailed ink wash.
37.43840598205357,37.24590097565213,41.37422135657407,./Dataset/AIGCIQA2023/Image/allimg/1039.png,GLIDE,Style & Format,World Knowledge,Downtown Shanghai at sunrise. detailed ink wash.
47.7304870404594,49.85605580757233,41.05588488943279,./Dataset/AIGCIQA2023/Image/allimg/1040.png,GLIDE,Writing & Symbols,Animals,"a cartoon of a dog saying ""I see what you did there"""
44.21744156544485,43.50793772969293,44.288070312126045,./Dataset/AIGCIQA2023/Image/allimg/1041.png,GLIDE,Writing & Symbols,Animals,"a cartoon of a dog saying ""I see what you did there"""
37.90809856285646,40.93188056651981,40.73378831655627,./Dataset/AIGCIQA2023/Image/allimg/1042.png,GLIDE,Writing & Symbols,Animals,"a cartoon of a dog saying ""I see what you did there"""
39.04634791565535,40.14673847392203,38.97905623115486,./Dataset/AIGCIQA2023/Image/allimg/1043.png,GLIDE,Writing & Symbols,Animals,"a cartoon of a dog saying ""I see what you did there"""
35.33781396539953,38.732616161643904,29.72793669131954,./Dataset/AIGCIQA2023/Image/allimg/1044.png,GLIDE,Writing & Symbols,People,the word 'HELLO' on a girl's face
36.022780846676504,35.52176895421894,33.70902176897594,./Dataset/AIGCIQA2023/Image/allimg/1045.png,GLIDE,Writing & Symbols,People,the word 'HELLO' on a girl's face
37.99172546872797,44.5249280196352,36.04705105692334,./Dataset/AIGCIQA2023/Image/allimg/1046.png,GLIDE,Writing & Symbols,People,the word 'HELLO' on a girl's face
43.60680947803039,40.322214493356896,41.12342112556662,./Dataset/AIGCIQA2023/Image/allimg/1047.png,GLIDE,Writing & Symbols,People,the word 'HELLO' on a girl's face
50.46151539247136,49.90948471155771,50.26004084586892,./Dataset/AIGCIQA2023/Image/allimg/1048.png,GLIDE,Writing & Symbols,Vehicles,a hot air balloon with chameleon logo. the sun is shining and puffy white clouds are in the background.
39.90932892419676,49.66300007156156,47.29962405164684,./Dataset/AIGCIQA2023/Image/allimg/1049.png,GLIDE,Writing & Symbols,Vehicles,a hot air balloon with chameleon logo. the sun is shining and puffy white clouds are in the background.
44.02280515156052,56.27568697241738,56.72691141332375,./Dataset/AIGCIQA2023/Image/allimg/1050.png,GLIDE,Writing & Symbols,Vehicles,a hot air balloon with chameleon logo. the sun is shining and puffy white clouds are in the background.
42.27140828630885,50.67544182346047,49.80721309499087,./Dataset/AIGCIQA2023/Image/allimg/1051.png,GLIDE,Writing & Symbols,Vehicles,a hot air balloon with chameleon logo. the sun is shining and puffy white clouds are in the background.
42.515218286913175,47.20229485982347,46.57781145007176,./Dataset/AIGCIQA2023/Image/allimg/1052.png,GLIDE,Writing & Symbols,Artifacts,A sign that says Deep Learning
42.84395927660481,44.17378376967659,39.36871090127829,./Dataset/AIGCIQA2023/Image/allimg/1053.png,GLIDE,Writing & Symbols,Artifacts,A sign that says Deep Learning
41.14316638084856,44.41288480578182,40.994079327009885,./Dataset/AIGCIQA2023/Image/allimg/1054.png,GLIDE,Writing & Symbols,Artifacts,A sign that says Deep Learning
34.61389158218724,42.66976031212064,41.21176586839407,./Dataset/AIGCIQA2023/Image/allimg/1055.png,GLIDE,Writing & Symbols,Artifacts,A sign that says Deep Learning
39.87885216830899,42.71254716445286,39.95564943638646,./Dataset/AIGCIQA2023/Image/allimg/1056.png,GLIDE,Writing & Symbols,Produce & Plants,the word 'APPLE' on an apple
45.30989195756384,42.76446304227245,46.0464313659541,./Dataset/AIGCIQA2023/Image/allimg/1057.png,GLIDE,Writing & Symbols,Produce & Plants,the word 'APPLE' on an apple
45.24539384058255,53.497229890419376,44.03406298258553,./Dataset/AIGCIQA2023/Image/allimg/1058.png,GLIDE,Writing & Symbols,Produce & Plants,the word 'APPLE' on an apple
43.26807582861025,52.08705508618522,47.82518444841915,./Dataset/AIGCIQA2023/Image/allimg/1059.png,GLIDE,Writing & Symbols,Produce & Plants,the word 'APPLE' on an apple
37.103218466001366,49.19126572343208,41.73088132216206,./Dataset/AIGCIQA2023/Image/allimg/1060.png,GLIDE,Writing & Symbols,Food & Beverage,"Two cups of coffee, one with latte art of the words ""LOVE"" written in one. The other has latte art of the words ""PEACE"" written in the other."
45.36253805331819,53.19597562357082,45.14270801002288,./Dataset/AIGCIQA2023/Image/allimg/1061.png,GLIDE,Writing & Symbols,Food & Beverage,"Two cups of coffee, one with latte art of the words ""LOVE"" written in one. The other has latte art of the words ""PEACE"" written in the other."
44.167614450871966,50.00342352507456,36.22021138082717,./Dataset/AIGCIQA2023/Image/allimg/1062.png,GLIDE,Writing & Symbols,Food & Beverage,"Two cups of coffee, one with latte art of the words ""LOVE"" written in one. The other has latte art of the words ""PEACE"" written in the other."
43.67157192956411,45.59171127720596,41.854451784057474,./Dataset/AIGCIQA2023/Image/allimg/1063.png,GLIDE,Writing & Symbols,Food & Beverage,"Two cups of coffee, one with latte art of the words ""LOVE"" written in one. The other has latte art of the words ""PEACE"" written in the other."
38.877316009637255,38.92757527773231,42.87580480858156,./Dataset/AIGCIQA2023/Image/allimg/1064.png,GLIDE,Writing & Symbols,Illustrations,the word 'START'
45.36507987260736,39.1900353303472,41.05450145723786,./Dataset/AIGCIQA2023/Image/allimg/1065.png,GLIDE,Writing & Symbols,Illustrations,the word 'START'
35.52775327482081,36.33197975217498,33.38086570731662,./Dataset/AIGCIQA2023/Image/allimg/1066.png,GLIDE,Writing & Symbols,Illustrations,the word 'START'
35.34018962160488,37.12043920836319,37.12644650263113,./Dataset/AIGCIQA2023/Image/allimg/1067.png,GLIDE,Writing & Symbols,Illustrations,the word 'START'
48.66124984811522,46.70198747672666,42.59408790817229,./Dataset/AIGCIQA2023/Image/allimg/1068.png,GLIDE,Writing & Symbols,Indoor Scenes,"a yellow wall with 'Hello, world.' written on it"
49.70145608448149,49.361116034108775,39.11646700359061,./Dataset/AIGCIQA2023/Image/allimg/1069.png,GLIDE,Writing & Symbols,Indoor Scenes,"a yellow wall with 'Hello, world.' written on it"
45.18249412850776,49.37834114512759,35.819461516735174,./Dataset/AIGCIQA2023/Image/allimg/1070.png,GLIDE,Writing & Symbols,Indoor Scenes,"a yellow wall with 'Hello, world.' written on it"
46.02881900972577,47.750274728169614,35.87634743999961,./Dataset/AIGCIQA2023/Image/allimg/1071.png,GLIDE,Writing & Symbols,Indoor Scenes,"a yellow wall with 'Hello, world.' written on it"
40.75723415615786,45.441549803281866,48.368551969769086,./Dataset/AIGCIQA2023/Image/allimg/1072.png,GLIDE,Writing & Symbols,Outdoor Scenes,a store front with 'Grassy Meadow' written on it
34.66378467384918,36.87444540693346,40.26993037998062,./Dataset/AIGCIQA2023/Image/allimg/1073.png,GLIDE,Writing & Symbols,Outdoor Scenes,a store front with 'Grassy Meadow' written on it
34.357271319016135,48.90899294204041,44.94835827723109,./Dataset/AIGCIQA2023/Image/allimg/1074.png,GLIDE,Writing & Symbols,Outdoor Scenes,a store front with 'Grassy Meadow' written on it
43.11446287600084,48.7469534591552,40.9523728949092,./Dataset/AIGCIQA2023/Image/allimg/1075.png,GLIDE,Writing & Symbols,Outdoor Scenes,a store front with 'Grassy Meadow' written on it
33.58366557788896,41.28677369555007,38.38596725714037,./Dataset/AIGCIQA2023/Image/allimg/1076.png,GLIDE,Writing & Symbols,World Knowledge,"A green sign that says ""Very Deep Learning"" and is at the edge of the Grand Canyon."
36.0804110907354,48.76231304556687,44.603282395687465,./Dataset/AIGCIQA2023/Image/allimg/1077.png,GLIDE,Writing & Symbols,World Knowledge,"A green sign that says ""Very Deep Learning"" and is at the edge of the Grand Canyon."
46.18286993007113,47.446383333024265,49.84857650569536,./Dataset/AIGCIQA2023/Image/allimg/1078.png,GLIDE,Writing & Symbols,World Knowledge,"A green sign that says ""Very Deep Learning"" and is at the edge of the Grand Canyon."
41.17846017793194,50.001568329742,39.46078797776547,./Dataset/AIGCIQA2023/Image/allimg/1079.png,GLIDE,Writing & Symbols,World Knowledge,"A green sign that says ""Very Deep Learning"" and is at the edge of the Grand Canyon."
47.57037679515574,45.57834153467147,45.99232841252535,./Dataset/AIGCIQA2023/Image/allimg/1104.png,GLIDE,Quantity,Illustrations,three small yellow boxes
44.02830258787532,44.44011442269904,36.6141046660333,./Dataset/AIGCIQA2023/Image/allimg/1105.png,GLIDE,Quantity,Illustrations,three small yellow boxes
42.99706257237234,43.50795743392625,40.70899708407772,./Dataset/AIGCIQA2023/Image/allimg/1106.png,GLIDE,Quantity,Illustrations,three small yellow boxes
42.36984029428321,37.112173588844,43.20335760608232,./Dataset/AIGCIQA2023/Image/allimg/1107.png,GLIDE,Quantity,Illustrations,three small yellow boxes
45.584655092214014,44.88307671414596,40.55713331083212,./Dataset/AIGCIQA2023/Image/allimg/1144.png,GLIDE,Perspective,Illustrations,A robot with a black visor and the number 42 on its chest. It stands proudly in front of an F1 race car. The sun is setting on a cityscape in the background. wide-angle view. comic book illustration.
42.81201616752885,37.24490416751662,40.01263642949742,./Dataset/AIGCIQA2023/Image/allimg/1145.png,GLIDE,Perspective,Illustrations,A robot with a black visor and the number 42 on its chest. It stands proudly in front of an F1 race car. The sun is setting on a cityscape in the background. wide-angle view. comic book illustration.
40.97477537363383,40.82720655150489,40.08495871853216,./Dataset/AIGCIQA2023/Image/allimg/1146.png,GLIDE,Perspective,Illustrations,A robot with a black visor and the number 42 on its chest. It stands proudly in front of an F1 race car. The sun is setting on a cityscape in the background. wide-angle view. comic book illustration.
41.869489836584265,43.55261279284523,42.71336323390192,./Dataset/AIGCIQA2023/Image/allimg/1147.png,GLIDE,Perspective,Illustrations,A robot with a black visor and the number 42 on its chest. It stands proudly in front of an F1 race car. The sun is setting on a cityscape in the background. wide-angle view. comic book illustration.
40.96716020079607,38.91916283386957,31.347110675431185,./Dataset/AIGCIQA2023/Image/allimg/1184.png,GLIDE,Linguistic Structures,Illustrations,We painted the wall with cracks.
43.16513524802123,48.610894272469295,35.591357345550186,./Dataset/AIGCIQA2023/Image/allimg/1185.png,GLIDE,Linguistic Structures,Illustrations,We painted the wall with cracks.
48.1554462280598,48.17317504789332,41.82412662560667,./Dataset/AIGCIQA2023/Image/allimg/1186.png,GLIDE,Linguistic Structures,Illustrations,We painted the wall with cracks.
45.63246833776378,44.34305495030166,38.26919187938624,./Dataset/AIGCIQA2023/Image/allimg/1187.png,GLIDE,Linguistic Structures,Illustrations,We painted the wall with cracks.
39.5590134800978,38.84227432432328,38.98173829098248,./Dataset/AIGCIQA2023/Image/allimg/1252.png,laftie,Simple Detail,Artifacts,a teddy bear on a skateboard
41.7681448558236,41.69556086903759,46.234055382414525,./Dataset/AIGCIQA2023/Image/allimg/1253.png,laftie,Simple Detail,Artifacts,a teddy bear on a skateboard
40.01419022861469,39.84911879925372,40.85566334386619,./Dataset/AIGCIQA2023/Image/allimg/1254.png,laftie,Simple Detail,Artifacts,a teddy bear on a skateboard
40.01776645864634,38.70649075575111,45.13242013808723,./Dataset/AIGCIQA2023/Image/allimg/1255.png,laftie,Simple Detail,Artifacts,a teddy bear on a skateboard
50.78853195420703,49.73389294490412,53.15356430548919,./Dataset/AIGCIQA2023/Image/allimg/1264.png,laftie,Simple Detail,Illustrations,A heart made of chocolate
54.8900948900709,49.1936008158762,54.07175203538583,./Dataset/AIGCIQA2023/Image/allimg/1265.png,laftie,Simple Detail,Illustrations,A heart made of chocolate
43.022642450394464,47.86003085156388,51.91023444095911,./Dataset/AIGCIQA2023/Image/allimg/1266.png,laftie,Simple Detail,Illustrations,A heart made of chocolate
47.92610373267648,49.99276113504921,49.79053014169923,./Dataset/AIGCIQA2023/Image/allimg/1267.png,laftie,Simple Detail,Illustrations,A heart made of chocolate
40.26843159496285,36.16790454070539,39.76935151611509,./Dataset/AIGCIQA2023/Image/allimg/1280.png,laftie,Complex,Animals,A donkey is playing tug-of-war against an octopus. The donkey holds the rope in its mouth. A cat is jumping over the rope.
41.92728856265255,38.67528376186813,38.40539422986187,./Dataset/AIGCIQA2023/Image/allimg/1281.png,laftie,Complex,Animals,A donkey is playing tug-of-war against an octopus. The donkey holds the rope in its mouth. A cat is jumping over the rope.
39.2532884924093,38.85289365212984,36.85464626491912,./Dataset/AIGCIQA2023/Image/allimg/1282.png,laftie,Complex,Animals,A donkey is playing tug-of-war against an octopus. The donkey holds the rope in its mouth. A cat is jumping over the rope.
35.09738219251906,35.27409611879354,38.830112971682354,./Dataset/AIGCIQA2023/Image/allimg/1283.png,laftie,Complex,Animals,A donkey is playing tug-of-war against an octopus. The donkey holds the rope in its mouth. A cat is jumping over the rope.
35.8717879599637,40.319147872883605,42.62659066641859,./Dataset/AIGCIQA2023/Image/allimg/1292.png,laftie,Complex,Artifacts,a propaganda poster depicting a cat dressed as french emperor napoleon holding a piece of cheese
39.59387602855006,38.85283636360422,38.123754116097984,./Dataset/AIGCIQA2023/Image/allimg/1293.png,laftie,Complex,Artifacts,a propaganda poster depicting a cat dressed as french emperor napoleon holding a piece of cheese
44.239740180689154,40.1536299677917,43.36422109351817,./Dataset/AIGCIQA2023/Image/allimg/1294.png,laftie,Complex,Artifacts,a propaganda poster depicting a cat dressed as french emperor napoleon holding a piece of cheese
39.5555000251293,40.793387134495084,43.48677986791397,./Dataset/AIGCIQA2023/Image/allimg/1295.png,laftie,Complex,Artifacts,a propaganda poster depicting a cat dressed as french emperor napoleon holding a piece of cheese
36.90426354050783,36.78465269343543,37.180212873394986,./Dataset/AIGCIQA2023/Image/allimg/1304.png,laftie,Complex,Illustrations,"A set of 2x2 emoji icons with happy, angry, surprised and sobbing faces. The emoji icons look like colorful macarons. All of the macarons are wearing cowboy hats."
38.16047298775249,38.49352694561804,35.45087009389856,./Dataset/AIGCIQA2023/Image/allimg/1305.png,laftie,Complex,Illustrations,"A set of 2x2 emoji icons with happy, angry, surprised and sobbing faces. The emoji icons look like colorful macarons. All of the macarons are wearing cowboy hats."
33.376151084423775,35.7883838862356,35.57524449870338,./Dataset/AIGCIQA2023/Image/allimg/1306.png,laftie,Complex,Illustrations,"A set of 2x2 emoji icons with happy, angry, surprised and sobbing faces. The emoji icons look like colorful macarons. All of the macarons are wearing cowboy hats."
39.31634082704307,43.81233789417994,40.96620994071724,./Dataset/AIGCIQA2023/Image/allimg/1307.png,laftie,Complex,Illustrations,"A set of 2x2 emoji icons with happy, angry, surprised and sobbing faces. The emoji icons look like colorful macarons. All of the macarons are wearing cowboy hats."
36.40377423189948,38.66120689600092,43.60855631027162,./Dataset/AIGCIQA2023/Image/allimg/1316.png,laftie,Complex,World Knowledge,"An anime illustration of Sydney Opera House sitting next to Eiffel tower, under a blue night sky of roiling energy, exploding yellow stars, and radiating swirls of blu"
44.06455545315784,40.5115512289529,42.98362547002144,./Dataset/AIGCIQA2023/Image/allimg/1317.png,laftie,Complex,World Knowledge,"An anime illustration of Sydney Opera House sitting next to Eiffel tower, under a blue night sky of roiling energy, exploding yellow stars, and radiating swirls of blu"
38.894122549426136,40.56615848970707,48.45786398470237,./Dataset/AIGCIQA2023/Image/allimg/1318.png,laftie,Complex,World Knowledge,"An anime illustration of Sydney Opera House sitting next to Eiffel tower, under a blue night sky of roiling energy, exploding yellow stars, and radiating swirls of blu"
46.8868042598352,47.21077854179932,52.39234431045647,./Dataset/AIGCIQA2023/Image/allimg/1319.png,laftie,Complex,World Knowledge,"An anime illustration of Sydney Opera House sitting next to Eiffel tower, under a blue night sky of roiling energy, exploding yellow stars, and radiating swirls of blu"
43.32384729946431,39.10059893627879,42.560834054471776,./Dataset/AIGCIQA2023/Image/allimg/1320.png,laftie,Fine-grained Detail,Animals,a dolphin in an astronaut suit on saturn
40.29104574294275,36.91783825013545,40.23447894374346,./Dataset/AIGCIQA2023/Image/allimg/1321.png,laftie,Fine-grained Detail,Animals,a dolphin in an astronaut suit on saturn
41.46736706714656,42.11564154255044,42.46458414187547,./Dataset/AIGCIQA2023/Image/allimg/1322.png,laftie,Fine-grained Detail,Animals,a dolphin in an astronaut suit on saturn
37.7721860645208,34.782006081756364,32.27354332294471,./Dataset/AIGCIQA2023/Image/allimg/1323.png,laftie,Fine-grained Detail,Animals,a dolphin in an astronaut suit on saturn
35.80394727793349,42.97640684539129,44.59640562594596,./Dataset/AIGCIQA2023/Image/allimg/1332.png,laftie,Fine-grained Detail,Artifacts,purple lego dollhouse with a pool and a swing
38.83030021669852,39.8245749434604,43.04564086452696,./Dataset/AIGCIQA2023/Image/allimg/1333.png,laftie,Fine-grained Detail,Artifacts,purple lego dollhouse with a pool and a swing
40.59084781369026,41.33577586851195,43.92837810445137,./Dataset/AIGCIQA2023/Image/allimg/1334.png,laftie,Fine-grained Detail,Artifacts,purple lego dollhouse with a pool and a swing
42.01713522747102,47.609330783120924,47.353079703631714,./Dataset/AIGCIQA2023/Image/allimg/1335.png,laftie,Fine-grained Detail,Artifacts,purple lego dollhouse with a pool and a swing
38.842524066269576,42.75784944213152,50.3441927790652,./Dataset/AIGCIQA2023/Image/allimg/1344.png,laftie,Fine-grained Detail,Illustrations,a kids' book cover with an illustration of white dog driving a red pickup truck
35.45669995618715,35.56852599606064,38.26146909120028,./Dataset/AIGCIQA2023/Image/allimg/1345.png,laftie,Fine-grained Detail,Illustrations,a kids' book cover with an illustration of white dog driving a red pickup truck
41.781658160500015,36.58358351404008,45.38240655014488,./Dataset/AIGCIQA2023/Image/allimg/1346.png,laftie,Fine-grained Detail,Illustrations,a kids' book cover with an illustration of white dog driving a red pickup truck
39.12624365741617,40.82814232497432,48.79279454918725,./Dataset/AIGCIQA2023/Image/allimg/1347.png,laftie,Fine-grained Detail,Illustrations,a kids' book cover with an illustration of white dog driving a red pickup truck
36.6050339730495,38.89440996689814,39.48866623641492,./Dataset/AIGCIQA2023/Image/allimg/1356.png,laftie,Fine-grained Detail,World Knowledge,a teddy bear on a skateboard in times square
41.81240324877158,36.79413207347597,39.90187124477942,./Dataset/AIGCIQA2023/Image/allimg/1357.png,laftie,Fine-grained Detail,World Knowledge,a teddy bear on a skateboard in times square
40.95513789159924,43.50239462455884,42.34556136422516,./Dataset/AIGCIQA2023/Image/allimg/1358.png,laftie,Fine-grained Detail,World Knowledge,a teddy bear on a skateboard in times square
34.441563690837015,29.57447337026513,33.24897774549617,./Dataset/AIGCIQA2023/Image/allimg/1359.png,laftie,Fine-grained Detail,World Knowledge,a teddy bear on a skateboard in times square
32.80388688004858,34.01953308105773,43.5054819613765,./Dataset/AIGCIQA2023/Image/allimg/1360.png,laftie,Imagination,Animals,A blue colored dog
44.63042536457258,43.0500481755934,47.88895791888452,./Dataset/AIGCIQA2023/Image/allimg/1361.png,laftie,Imagination,Animals,A blue colored dog
35.29022715305052,39.07111370524876,45.16469377505969,./Dataset/AIGCIQA2023/Image/allimg/1362.png,laftie,Imagination,Animals,A blue colored dog
35.362677369068976,42.14707598436728,43.2974419612831,./Dataset/AIGCIQA2023/Image/allimg/1363.png,laftie,Imagination,Animals,A blue colored dog
39.9318697778317,38.9480455678421,41.73607416722369,./Dataset/AIGCIQA2023/Image/allimg/1364.png,laftie,Imagination,People,A photo of an astronaut riding a horse in the forest.
38.6509146813574,41.06053875625774,40.59875943995126,./Dataset/AIGCIQA2023/Image/allimg/1365.png,laftie,Imagination,People,A photo of an astronaut riding a horse in the forest.
32.97015963055439,31.60017960567211,32.71543318307191,./Dataset/AIGCIQA2023/Image/allimg/1366.png,laftie,Imagination,People,A photo of an astronaut riding a horse in the forest.
38.89375226539308,42.318960993350665,44.48679207528573,./Dataset/AIGCIQA2023/Image/allimg/1367.png,laftie,Imagination,People,A photo of an astronaut riding a horse in the forest.
36.53568358476039,38.17552794922696,37.82090629220278,./Dataset/AIGCIQA2023/Image/allimg/1368.png,laftie,Imagination,Vehicles,A bicycle on top of a boat
40.98273494755297,42.40919326695639,43.345053196389145,./Dataset/AIGCIQA2023/Image/allimg/1369.png,laftie,Imagination,Vehicles,A bicycle on top of a boat
39.87197025665893,45.21793050270144,41.4408205274531,./Dataset/AIGCIQA2023/Image/allimg/1370.png,laftie,Imagination,Vehicles,A bicycle on top of a boat
42.75351708883175,44.553803175852366,45.686528224738616,./Dataset/AIGCIQA2023/Image/allimg/1371.png,laftie,Imagination,Vehicles,A bicycle on top of a boat
40.93015923121328,39.40970890895684,37.16136789325572,./Dataset/AIGCIQA2023/Image/allimg/1372.png,laftie,Imagination,Artifacts,a sword slicing through a loaf of bread
43.128611416262935,38.76666375806423,35.45532805943945,./Dataset/AIGCIQA2023/Image/allimg/1373.png,laftie,Imagination,Artifacts,a sword slicing through a loaf of bread
36.01945393851152,35.226391091672966,36.97689523426132,./Dataset/AIGCIQA2023/Image/allimg/1374.png,laftie,Imagination,Artifacts,a sword slicing through a loaf of bread
44.879234934640735,44.34299653270652,41.75484233447614,./Dataset/AIGCIQA2023/Image/allimg/1375.png,laftie,Imagination,Artifacts,a sword slicing through a loaf of bread
35.80887868699602,33.35942817492975,34.33608370235829,./Dataset/AIGCIQA2023/Image/allimg/1376.png,laftie,Imagination,Produce & Plants,an orange wearing a cowboy hat
44.374094406901065,36.91888104146023,36.74722340256813,./Dataset/AIGCIQA2023/Image/allimg/1377.png,laftie,Imagination,Produce & Plants,an orange wearing a cowboy hat
43.26525600680236,38.12001188551455,38.2534411866867,./Dataset/AIGCIQA2023/Image/allimg/1378.png,laftie,Imagination,Produce & Plants,an orange wearing a cowboy hat
34.199559524288546,34.14752012213087,32.52459443573282,./Dataset/AIGCIQA2023/Image/allimg/1379.png,laftie,Imagination,Produce & Plants,an orange wearing a cowboy hat
34.03744201112671,36.958360888260295,38.63539130791409,./Dataset/AIGCIQA2023/Image/allimg/1380.png,laftie,Imagination,Food & Beverage,A bowl of soup that looks like a monster with tofu says deep learning
36.7346439466145,36.1267267186569,37.63765304467442,./Dataset/AIGCIQA2023/Image/allimg/1381.png,laftie,Imagination,Food & Beverage,A bowl of soup that looks like a monster with tofu says deep learning
35.99639838521903,45.43300137634988,39.97588572492674,./Dataset/AIGCIQA2023/Image/allimg/1382.png,laftie,Imagination,Food & Beverage,A bowl of soup that looks like a monster with tofu says deep learning
41.98580281543724,42.28403538336525,45.34481209707055,./Dataset/AIGCIQA2023/Image/allimg/1383.png,laftie,Imagination,Food & Beverage,A bowl of soup that looks like a monster with tofu says deep learning
42.08660642238112,44.48512214814902,42.85477429339149,./Dataset/AIGCIQA2023/Image/allimg/1384.png,laftie,Imagination,Illustrations,a drawing of a series of musical notes wrapped around the Earth
42.18175380683061,41.148474825558445,42.00945326209817,./Dataset/AIGCIQA2023/Image/allimg/1385.png,laftie,Imagination,Illustrations,a drawing of a series of musical notes wrapped around the Earth
39.26545768360388,41.41504747789435,42.2131118087589,./Dataset/AIGCIQA2023/Image/allimg/1386.png,laftie,Imagination,Illustrations,a drawing of a series of musical notes wrapped around the Earth
38.80752321865659,37.70476812678831,41.29986712508279,./Dataset/AIGCIQA2023/Image/allimg/1387.png,laftie,Imagination,Illustrations,a drawing of a series of musical notes wrapped around the Earth
41.14200438996591,41.5583272626035,37.5418684089565,./Dataset/AIGCIQA2023/Image/allimg/1388.png,laftie,Imagination,Indoor Scenes,a small kitchen with a white goat in it
44.84095497364852,44.55645004420826,51.21736295926634,./Dataset/AIGCIQA2023/Image/allimg/1389.png,laftie,Imagination,Indoor Scenes,a small kitchen with a white goat in it
45.51616325710776,41.5777921880626,43.17558341619367,./Dataset/AIGCIQA2023/Image/allimg/1390.png,laftie,Imagination,Indoor Scenes,a small kitchen with a white goat in it
40.93129959731102,40.09447372107744,42.28173502033433,./Dataset/AIGCIQA2023/Image/allimg/1391.png,laftie,Imagination,Indoor Scenes,a small kitchen with a white goat in it
35.902067377779254,42.92865962730448,43.80688368060373,./Dataset/AIGCIQA2023/Image/allimg/1392.png,laftie,Imagination,Outdoor Scenes,A large city fountain that has milk instead of water. Several cats are leaning into the fountain.
43.15509106071967,42.66529568619264,41.20646217963419,./Dataset/AIGCIQA2023/Image/allimg/1393.png,laftie,Imagination,Outdoor Scenes,A large city fountain that has milk instead of water. Several cats are leaning into the fountain.
40.37671732455723,40.19206283535111,41.85118468998094,./Dataset/AIGCIQA2023/Image/allimg/1394.png,laftie,Imagination,Outdoor Scenes,A large city fountain that has milk instead of water. Several cats are leaning into the fountain.
41.20006993397731,44.85660035987981,43.93463014641621,./Dataset/AIGCIQA2023/Image/allimg/1395.png,laftie,Imagination,Outdoor Scenes,A large city fountain that has milk instead of water. Several cats are leaning into the fountain.
41.85312359718733,44.08522350582099,43.97184827382582,./Dataset/AIGCIQA2023/Image/allimg/1396.png,laftie,Imagination,World Knowledge,an elephant walking on the Great Wall
36.49073632849466,34.662600870333144,33.18229698744796,./Dataset/AIGCIQA2023/Image/allimg/1397.png,laftie,Imagination,World Knowledge,an elephant walking on the Great Wall
40.33807063471551,39.037318428696096,43.68616518505303,./Dataset/AIGCIQA2023/Image/allimg/1398.png,laftie,Imagination,World Knowledge,an elephant walking on the Great Wall
35.232165326178155,34.93427047931116,42.42830773314216,./Dataset/AIGCIQA2023/Image/allimg/1399.png,laftie,Imagination,World Knowledge,an elephant walking on the Great Wall
38.98521924972438,41.287793836190005,44.69482264565334,./Dataset/AIGCIQA2023/Image/allimg/1400.png,laftie,Style & Format,Animals,A photo of a panda made of water.
40.78939020885663,41.53838637395457,44.599591181420855,./Dataset/AIGCIQA2023/Image/allimg/1401.png,laftie,Style & Format,Animals,A photo of a panda made of water.
35.888438270268445,34.87032994594498,35.81679879226026,./Dataset/AIGCIQA2023/Image/allimg/1402.png,laftie,Style & Format,Animals,A photo of a panda made of water.
36.90761415441384,39.61295853551643,37.19022912307248,./Dataset/AIGCIQA2023/Image/allimg/1403.png,laftie,Style & Format,Animals,A photo of a panda made of water.
47.21774760167588,41.577805321586574,49.88455882808291,./Dataset/AIGCIQA2023/Image/allimg/1404.png,laftie,Style & Format,People,"a portrait of a man wearing sunglasses and a business suit, painting in pop art style"
47.755783674122725,46.90869583631903,49.47709196085749,./Dataset/AIGCIQA2023/Image/allimg/1405.png,laftie,Style & Format,People,"a portrait of a man wearing sunglasses and a business suit, painting in pop art style"
42.498756597519886,39.39386548593089,46.66962352265384,./Dataset/AIGCIQA2023/Image/allimg/1406.png,laftie,Style & Format,People,"a portrait of a man wearing sunglasses and a business suit, painting in pop art style"
48.24243675978284,43.00980951952965,49.0889353593261,./Dataset/AIGCIQA2023/Image/allimg/1407.png,laftie,Style & Format,People,"a portrait of a man wearing sunglasses and a business suit, painting in pop art style"
37.45930800452004,41.80897802714648,50.829674823919,./Dataset/AIGCIQA2023/Image/allimg/1408.png,laftie,Style & Format,Vehicles,a cartoon of a train going to the moon
40.94788515019713,40.78730835270768,48.50352583868582,./Dataset/AIGCIQA2023/Image/allimg/1409.png,laftie,Style & Format,Vehicles,a cartoon of a train going to the moon
46.41003498588216,48.3553617112396,48.97085081267687,./Dataset/AIGCIQA2023/Image/allimg/1410.png,laftie,Style & Format,Vehicles,a cartoon of a train going to the moon
43.72985644801823,43.35773244523413,49.37383699566486,./Dataset/AIGCIQA2023/Image/allimg/1411.png,laftie,Style & Format,Vehicles,a cartoon of a train going to the moon
50.46941786562182,47.553047958908,49.56397505116447,./Dataset/AIGCIQA2023/Image/allimg/1412.png,laftie,Style & Format,Artifacts,A spaceship made of cardboard.
44.05021891403007,43.11227103515138,44.00999290353966,./Dataset/AIGCIQA2023/Image/allimg/1413.png,laftie,Style & Format,Artifacts,A spaceship made of cardboard.
48.49048200453,46.20411480803149,50.82979377306113,./Dataset/AIGCIQA2023/Image/allimg/1414.png,laftie,Style & Format,Artifacts,A spaceship made of cardboard.
37.32657512677477,43.96230955133827,40.4506106298573,./Dataset/AIGCIQA2023/Image/allimg/1415.png,laftie,Style & Format,Artifacts,A spaceship made of cardboard.
41.481023051990654,48.03121025106134,50.73759769160901,./Dataset/AIGCIQA2023/Image/allimg/1416.png,laftie,Style & Format,Produce & Plants,A photo of a lotus flower made of water. 
44.12488782640354,50.63026332821499,46.99452605186416,./Dataset/AIGCIQA2023/Image/allimg/1417.png,laftie,Style & Format,Produce & Plants,A photo of a lotus flower made of water. 
42.23046941565149,40.970489674393455,41.25172867653645,./Dataset/AIGCIQA2023/Image/allimg/1418.png,laftie,Style & Format,Produce & Plants,A photo of a lotus flower made of water. 
40.98627240215975,41.51598272174899,44.8182416005785,./Dataset/AIGCIQA2023/Image/allimg/1419.png,laftie,Style & Format,Produce & Plants,A photo of a lotus flower made of water. 
43.169724069110856,48.97878592198619,49.95339381736305,./Dataset/AIGCIQA2023/Image/allimg/1420.png,laftie,Style & Format,Food & Beverage,a painting of the food of china
40.18998003392595,41.310254225543616,44.1722295725649,./Dataset/AIGCIQA2023/Image/allimg/1421.png,laftie,Style & Format,Food & Beverage,a painting of the food of china
44.18228733600089,44.91838764714917,47.620446549580464,./Dataset/AIGCIQA2023/Image/allimg/1422.png,laftie,Style & Format,Food & Beverage,a painting of the food of china
43.904245914862585,50.72445801359366,47.304787383005554,./Dataset/AIGCIQA2023/Image/allimg/1423.png,laftie,Style & Format,Food & Beverage,a painting of the food of china
42.24223143049978,44.64804510826156,51.19918298010315,./Dataset/AIGCIQA2023/Image/allimg/1424.png,laftie,Style & Format,Illustrations,"an emoji of a baby penguin wearing a blue hat, red gloves, green shirt, and yellow pants"
42.2564537723942,40.66813362046285,41.24107627990166,./Dataset/AIGCIQA2023/Image/allimg/1425.png,laftie,Style & Format,Illustrations,"an emoji of a baby penguin wearing a blue hat, red gloves, green shirt, and yellow pants"
43.62277211347767,41.845233587406014,41.64250505469563,./Dataset/AIGCIQA2023/Image/allimg/1426.png,laftie,Style & Format,Illustrations,"an emoji of a baby penguin wearing a blue hat, red gloves, green shirt, and yellow pants"
46.71577278705109,43.3313918970544,43.719483136465605,./Dataset/AIGCIQA2023/Image/allimg/1427.png,laftie,Style & Format,Illustrations,"an emoji of a baby penguin wearing a blue hat, red gloves, green shirt, and yellow pants"
40.37409645692488,45.69627507762987,48.82812296488131,./Dataset/AIGCIQA2023/Image/allimg/1428.png,laftie,Style & Format,Arts,an oil painting of a tree and a building
37.39299787441134,38.16961710192963,44.92560532864204,./Dataset/AIGCIQA2023/Image/allimg/1429.png,laftie,Style & Format,Arts,an oil painting of a tree and a building
45.68682293888445,41.46938931797793,50.06867856569558,./Dataset/AIGCIQA2023/Image/allimg/1430.png,laftie,Style & Format,Arts,an oil painting of a tree and a building
39.803798650920925,44.01873682469396,47.94743971370675,./Dataset/AIGCIQA2023/Image/allimg/1431.png,laftie,Style & Format,Arts,an oil painting of a tree and a building
38.91811428082328,44.26867322103404,49.27259239803492,./Dataset/AIGCIQA2023/Image/allimg/1432.png,laftie,Style & Format,Outdoor Scenes,a painting of a white country home with a wrap-around porch
41.88031512166353,43.39666279992516,50.38788849877609,./Dataset/AIGCIQA2023/Image/allimg/1433.png,laftie,Style & Format,Outdoor Scenes,a painting of a white country home with a wrap-around porch
47.367666743422085,51.30611336995611,53.52908728855582,./Dataset/AIGCIQA2023/Image/allimg/1434.png,laftie,Style & Format,Outdoor Scenes,a painting of a white country home with a wrap-around porch
39.22765326495913,44.94589346328951,47.22095324473709,./Dataset/AIGCIQA2023/Image/allimg/1435.png,laftie,Style & Format,Outdoor Scenes,a painting of a white country home with a wrap-around porch
34.722794670348684,41.06262014896807,40.87520677241109,./Dataset/AIGCIQA2023/Image/allimg/1436.png,laftie,Style & Format,World Knowledge,Downtown Shanghai at sunrise. detailed ink wash.
42.371208629859225,46.34498622627674,40.60731387151068,./Dataset/AIGCIQA2023/Image/allimg/1437.png,laftie,Style & Format,World Knowledge,Downtown Shanghai at sunrise. detailed ink wash.
46.23674487513324,46.5694348386871,47.85495241776715,./Dataset/AIGCIQA2023/Image/allimg/1438.png,laftie,Style & Format,World Knowledge,Downtown Shanghai at sunrise. detailed ink wash.
44.56691419162739,43.31806722765356,49.71740075846893,./Dataset/AIGCIQA2023/Image/allimg/1439.png,laftie,Style & Format,World Knowledge,Downtown Shanghai at sunrise. detailed ink wash.
40.583495634263215,37.752564093843375,33.59443380907916,./Dataset/AIGCIQA2023/Image/allimg/1440.png,laftie,Writing & Symbols,Animals,"a cartoon of a dog saying ""I see what you did there"""
43.25510476522295,43.10626323759514,44.47939091895281,./Dataset/AIGCIQA2023/Image/allimg/1441.png,laftie,Writing & Symbols,Animals,"a cartoon of a dog saying ""I see what you did there"""
38.95410495300558,35.246679336208764,37.08756666423784,./Dataset/AIGCIQA2023/Image/allimg/1442.png,laftie,Writing & Symbols,Animals,"a cartoon of a dog saying ""I see what you did there"""
40.24818403541522,41.34784702444552,39.895374797878006,./Dataset/AIGCIQA2023/Image/allimg/1443.png,laftie,Writing & Symbols,Animals,"a cartoon of a dog saying ""I see what you did there"""
32.736875152955776,30.29498141345072,27.692580701583168,./Dataset/AIGCIQA2023/Image/allimg/1444.png,laftie,Writing & Symbols,People,the word 'HELLO' on a girl's face
40.166922446916594,38.16079656458504,39.5586733120106,./Dataset/AIGCIQA2023/Image/allimg/1445.png,laftie,Writing & Symbols,People,the word 'HELLO' on a girl's face
34.2184908774816,28.42854931429854,30.73669812631982,./Dataset/AIGCIQA2023/Image/allimg/1446.png,laftie,Writing & Symbols,People,the word 'HELLO' on a girl's face
39.25547821103819,34.31673861338283,35.21040819082699,./Dataset/AIGCIQA2023/Image/allimg/1447.png,laftie,Writing & Symbols,People,the word 'HELLO' on a girl's face
46.09216285359582,50.43823016197767,52.91948675061427,./Dataset/AIGCIQA2023/Image/allimg/1448.png,laftie,Writing & Symbols,Vehicles,a hot air balloon with chameleon logo. the sun is shining and puffy white clouds are in the background.
47.86068816830748,40.77280548550175,49.50827732520904,./Dataset/AIGCIQA2023/Image/allimg/1449.png,laftie,Writing & Symbols,Vehicles,a hot air balloon with chameleon logo. the sun is shining and puffy white clouds are in the background.
47.14693549793194,52.4359004521153,51.406126953321085,./Dataset/AIGCIQA2023/Image/allimg/1450.png,laftie,Writing & Symbols,Vehicles,a hot air balloon with chameleon logo. the sun is shining and puffy white clouds are in the background.
44.25412078015815,45.43264284879446,49.811789171349616,./Dataset/AIGCIQA2023/Image/allimg/1451.png,laftie,Writing & Symbols,Vehicles,a hot air balloon with chameleon logo. the sun is shining and puffy white clouds are in the background.
38.08543373588743,39.54378626196333,38.71205514111521,./Dataset/AIGCIQA2023/Image/allimg/1452.png,laftie,Writing & Symbols,Artifacts,A sign that says Deep Learning
41.517878885029305,44.55413155996839,44.274940665374274,./Dataset/AIGCIQA2023/Image/allimg/1453.png,laftie,Writing & Symbols,Artifacts,A sign that says Deep Learning
35.705097463959504,38.20306412035533,36.4919033158341,./Dataset/AIGCIQA2023/Image/allimg/1454.png,laftie,Writing & Symbols,Artifacts,A sign that says Deep Learning
45.83279663680429,48.59207693225475,42.07837102006995,./Dataset/AIGCIQA2023/Image/allimg/1455.png,laftie,Writing & Symbols,Artifacts,A sign that says Deep Learning
40.730015779531726,43.17354914060511,38.90930102363907,./Dataset/AIGCIQA2023/Image/allimg/1456.png,laftie,Writing & Symbols,Produce & Plants,the word 'APPLE' on an apple
39.9517114506844,42.09180237784018,39.72748411922546,./Dataset/AIGCIQA2023/Image/allimg/1457.png,laftie,Writing & Symbols,Produce & Plants,the word 'APPLE' on an apple
42.5113534096548,40.22898861497557,35.60566712310326,./Dataset/AIGCIQA2023/Image/allimg/1458.png,laftie,Writing & Symbols,Produce & Plants,the word 'APPLE' on an apple
40.386662969675285,42.09758084383884,36.48724870316948,./Dataset/AIGCIQA2023/Image/allimg/1459.png,laftie,Writing & Symbols,Produce & Plants,the word 'APPLE' on an apple
40.04654330726699,38.8995109962562,38.74258856902885,./Dataset/AIGCIQA2023/Image/allimg/1460.png,laftie,Writing & Symbols,Food & Beverage,"Two cups of coffee, one with latte art of the words ""LOVE"" written in one. The other has latte art of the words ""PEACE"" written in the other."
39.2368371555158,34.45838129043834,39.09406980576021,./Dataset/AIGCIQA2023/Image/allimg/1461.png,laftie,Writing & Symbols,Food & Beverage,"Two cups of coffee, one with latte art of the words ""LOVE"" written in one. The other has latte art of the words ""PEACE"" written in the other."
39.78141612522344,41.1230611479232,40.60199005632303,./Dataset/AIGCIQA2023/Image/allimg/1462.png,laftie,Writing & Symbols,Food & Beverage,"Two cups of coffee, one with latte art of the words ""LOVE"" written in one. The other has latte art of the words ""PEACE"" written in the other."
35.61984630119707,35.291111966983266,39.13352461746327,./Dataset/AIGCIQA2023/Image/allimg/1463.png,laftie,Writing & Symbols,Food & Beverage,"Two cups of coffee, one with latte art of the words ""LOVE"" written in one. The other has latte art of the words ""PEACE"" written in the other."
32.86509144581129,35.43327565106465,29.851579744193057,./Dataset/AIGCIQA2023/Image/allimg/1464.png,laftie,Writing & Symbols,Illustrations,the word 'START'
43.48755644255103,41.46500515175931,42.38752120389484,./Dataset/AIGCIQA2023/Image/allimg/1465.png,laftie,Writing & Symbols,Illustrations,the word 'START'
40.72634567703381,40.319106663017145,35.50007158898562,./Dataset/AIGCIQA2023/Image/allimg/1466.png,laftie,Writing & Symbols,Illustrations,the word 'START'
40.36222275867266,37.84975441586987,34.973737425499976,./Dataset/AIGCIQA2023/Image/allimg/1467.png,laftie,Writing & Symbols,Illustrations,the word 'START'
40.92286588003344,42.614148074816725,41.694642236896414,./Dataset/AIGCIQA2023/Image/allimg/1468.png,laftie,Writing & Symbols,Indoor Scenes,"a yellow wall with 'Hello, world.' written on it"
38.79790549076954,39.541304685251205,39.27966384974222,./Dataset/AIGCIQA2023/Image/allimg/1469.png,laftie,Writing & Symbols,Indoor Scenes,"a yellow wall with 'Hello, world.' written on it"
45.47047189972457,45.1092491560249,43.3087117057127,./Dataset/AIGCIQA2023/Image/allimg/1470.png,laftie,Writing & Symbols,Indoor Scenes,"a yellow wall with 'Hello, world.' written on it"
44.30801711818255,46.34751527259029,44.95675085945221,./Dataset/AIGCIQA2023/Image/allimg/1471.png,laftie,Writing & Symbols,Indoor Scenes,"a yellow wall with 'Hello, world.' written on it"
42.92166851787167,43.84734555327877,41.21498239138471,./Dataset/AIGCIQA2023/Image/allimg/1472.png,laftie,Writing & Symbols,Outdoor Scenes,a store front with 'Grassy Meadow' written on it
39.25430802309886,43.15898517769301,39.56758167907429,./Dataset/AIGCIQA2023/Image/allimg/1473.png,laftie,Writing & Symbols,Outdoor Scenes,a store front with 'Grassy Meadow' written on it
43.03557299751793,45.09047198353678,44.71260606063288,./Dataset/AIGCIQA2023/Image/allimg/1474.png,laftie,Writing & Symbols,Outdoor Scenes,a store front with 'Grassy Meadow' written on it
46.329984127924654,51.75993899759556,48.80159186133114,./Dataset/AIGCIQA2023/Image/allimg/1475.png,laftie,Writing & Symbols,Outdoor Scenes,a store front with 'Grassy Meadow' written on it
40.08472312269821,45.19771886319534,44.83747663863347,./Dataset/AIGCIQA2023/Image/allimg/1476.png,laftie,Writing & Symbols,World Knowledge,"A green sign that says ""Very Deep Learning"" and is at the edge of the Grand Canyon."
40.90993576732671,42.96110327160479,47.95213074918125,./Dataset/AIGCIQA2023/Image/allimg/1477.png,laftie,Writing & Symbols,World Knowledge,"A green sign that says ""Very Deep Learning"" and is at the edge of the Grand Canyon."
42.28197576640906,44.399660438008425,43.13714784913145,./Dataset/AIGCIQA2023/Image/allimg/1478.png,laftie,Writing & Symbols,World Knowledge,"A green sign that says ""Very Deep Learning"" and is at the edge of the Grand Canyon."
37.3083343821064,38.80177858069152,47.87023097866471,./Dataset/AIGCIQA2023/Image/allimg/1479.png,laftie,Writing & Symbols,World Knowledge,"A green sign that says ""Very Deep Learning"" and is at the edge of the Grand Canyon."
41.17270541447895,38.54766191529258,42.15018004863525,./Dataset/AIGCIQA2023/Image/allimg/1504.png,laftie,Quantity,Illustrations,three small yellow boxes
40.953129099137385,40.73450139520397,37.23679434677836,./Dataset/AIGCIQA2023/Image/allimg/1505.png,laftie,Quantity,Illustrations,three small yellow boxes
43.72962206588794,47.45820077177331,42.48251843949458,./Dataset/AIGCIQA2023/Image/allimg/1506.png,laftie,Quantity,Illustrations,three small yellow boxes
39.400794314169126,38.20591273860318,45.07658762016308,./Dataset/AIGCIQA2023/Image/allimg/1507.png,laftie,Quantity,Illustrations,three small yellow boxes
40.66742792446989,39.71969894651748,39.40514453415247,./Dataset/AIGCIQA2023/Image/allimg/1544.png,laftie,Perspective,Illustrations,A robot with a black visor and the number 42 on its chest. It stands proudly in front of an F1 race car. The sun is setting on a cityscape in the background. wide-angle view. comic book illustration.
43.20126405632124,37.30512517391467,43.11010355383741,./Dataset/AIGCIQA2023/Image/allimg/1545.png,laftie,Perspective,Illustrations,A robot with a black visor and the number 42 on its chest. It stands proudly in front of an F1 race car. The sun is setting on a cityscape in the background. wide-angle view. comic book illustration.
41.57152882200394,42.5190549280998,45.28743460499759,./Dataset/AIGCIQA2023/Image/allimg/1546.png,laftie,Perspective,Illustrations,A robot with a black visor and the number 42 on its chest. It stands proudly in front of an F1 race car. The sun is setting on a cityscape in the background. wide-angle view. comic book illustration.
39.69876035720349,40.1399179876139,41.36513316251935,./Dataset/AIGCIQA2023/Image/allimg/1547.png,laftie,Perspective,Illustrations,A robot with a black visor and the number 42 on its chest. It stands proudly in front of an F1 race car. The sun is setting on a cityscape in the background. wide-angle view. comic book illustration.
47.31747065918747,46.02202138295885,50.70039174971133,./Dataset/AIGCIQA2023/Image/allimg/1584.png,laftie,Linguistic Structures,Illustrations,We painted the wall with cracks.
44.82833711676279,47.855533193120586,47.69782463561525,./Dataset/AIGCIQA2023/Image/allimg/1585.png,laftie,Linguistic Structures,Illustrations,We painted the wall with cracks.
43.96349061250324,49.00545317005997,50.07415205920021,./Dataset/AIGCIQA2023/Image/allimg/1586.png,laftie,Linguistic Structures,Illustrations,We painted the wall with cracks.
42.25843426246012,44.60292100176292,46.10767772888595,./Dataset/AIGCIQA2023/Image/allimg/1587.png,laftie,Linguistic Structures,Illustrations,We painted the wall with cracks.
60.146869135148265,57.68695118468041,63.44198460628731,./Dataset/AIGCIQA2023/Image/allimg/1652.png,Stable diff,Simple Detail,Artifacts,a teddy bear on a skateboard
67.72157477006687,63.27537144942772,63.6704254886965,./Dataset/AIGCIQA2023/Image/allimg/1653.png,Stable diff,Simple Detail,Artifacts,a teddy bear on a skateboard
63.18241402584122,59.60674963599503,58.514482601182905,./Dataset/AIGCIQA2023/Image/allimg/1654.png,Stable diff,Simple Detail,Artifacts,a teddy bear on a skateboard
34.4794555519347,39.84593281647829,41.98748095668877,./Dataset/AIGCIQA2023/Image/allimg/1655.png,Stable diff,Simple Detail,Artifacts,a teddy bear on a skateboard
62.85607733570572,64.54856259907731,63.46133638433462,./Dataset/AIGCIQA2023/Image/allimg/1664.png,Stable diff,Simple Detail,Illustrations,A heart made of chocolate
37.20088749729847,40.0943999288141,46.718159988254094,./Dataset/AIGCIQA2023/Image/allimg/1665.png,Stable diff,Simple Detail,Illustrations,A heart made of chocolate
67.1201443132867,66.25981838185561,64.56735540101651,./Dataset/AIGCIQA2023/Image/allimg/1666.png,Stable diff,Simple Detail,Illustrations,A heart made of chocolate
56.123356781326855,56.67935419413119,57.61137249381004,./Dataset/AIGCIQA2023/Image/allimg/1667.png,Stable diff,Simple Detail,Illustrations,A heart made of chocolate
49.05482333288394,38.40284571377835,41.46525203285711,./Dataset/AIGCIQA2023/Image/allimg/1680.png,Stable diff,Complex,Animals,A donkey is playing tug-of-war against an octopus. The donkey holds the rope in its mouth. A cat is jumping over the rope.
55.3246278856873,49.03891540287775,49.16742268986759,./Dataset/AIGCIQA2023/Image/allimg/1681.png,Stable diff,Complex,Animals,A donkey is playing tug-of-war against an octopus. The donkey holds the rope in its mouth. A cat is jumping over the rope.
56.15927102558762,43.02252658174907,41.809341785087845,./Dataset/AIGCIQA2023/Image/allimg/1682.png,Stable diff,Complex,Animals,A donkey is playing tug-of-war against an octopus. The donkey holds the rope in its mouth. A cat is jumping over the rope.
43.759405702351074,40.173214201343406,41.39030901518561,./Dataset/AIGCIQA2023/Image/allimg/1683.png,Stable diff,Complex,Animals,A donkey is playing tug-of-war against an octopus. The donkey holds the rope in its mouth. A cat is jumping over the rope.
56.55374506509827,54.51351894487941,57.12726886603555,./Dataset/AIGCIQA2023/Image/allimg/1692.png,Stable diff,Complex,Artifacts,a propaganda poster depicting a cat dressed as french emperor napoleon holding a piece of cheese
59.2009298143937,51.63128667929127,57.80454613446659,./Dataset/AIGCIQA2023/Image/allimg/1693.png,Stable diff,Complex,Artifacts,a propaganda poster depicting a cat dressed as french emperor napoleon holding a piece of cheese
47.044642938703255,48.72118096792894,47.992363056361214,./Dataset/AIGCIQA2023/Image/allimg/1694.png,Stable diff,Complex,Artifacts,a propaganda poster depicting a cat dressed as french emperor napoleon holding a piece of cheese
50.98891239454829,53.00173908126335,55.07755772463695,./Dataset/AIGCIQA2023/Image/allimg/1695.png,Stable diff,Complex,Artifacts,a propaganda poster depicting a cat dressed as french emperor napoleon holding a piece of cheese
51.49205511702014,48.96188936199884,42.088681153146354,./Dataset/AIGCIQA2023/Image/allimg/1704.png,Stable diff,Complex,Illustrations,"A set of 2x2 emoji icons with happy, angry, surprised and sobbing faces. The emoji icons look like colorful macarons. All of the macarons are wearing cowboy hats."
56.215357151164014,53.42160875462081,43.067702750747706,./Dataset/AIGCIQA2023/Image/allimg/1705.png,Stable diff,Complex,Illustrations,"A set of 2x2 emoji icons with happy, angry, surprised and sobbing faces. The emoji icons look like colorful macarons. All of the macarons are wearing cowboy hats."
47.0170655282461,44.545892385887214,43.15800599286576,./Dataset/AIGCIQA2023/Image/allimg/1706.png,Stable diff,Complex,Illustrations,"A set of 2x2 emoji icons with happy, angry, surprised and sobbing faces. The emoji icons look like colorful macarons. All of the macarons are wearing cowboy hats."
42.72653340232762,41.37385274112624,39.40930369063337,./Dataset/AIGCIQA2023/Image/allimg/1707.png,Stable diff,Complex,Illustrations,"A set of 2x2 emoji icons with happy, angry, surprised and sobbing faces. The emoji icons look like colorful macarons. All of the macarons are wearing cowboy hats."
61.1527390995981,53.70525585140364,52.95060292589218,./Dataset/AIGCIQA2023/Image/allimg/1716.png,Stable diff,Complex,World Knowledge,"An anime illustration of Sydney Opera House sitting next to Eiffel tower, under a blue night sky of roiling energy, exploding yellow stars, and radiating swirls of blu"
52.75993995281046,53.55576843823145,52.56734571231667,./Dataset/AIGCIQA2023/Image/allimg/1717.png,Stable diff,Complex,World Knowledge,"An anime illustration of Sydney Opera House sitting next to Eiffel tower, under a blue night sky of roiling energy, exploding yellow stars, and radiating swirls of blu"
55.45731937817317,54.28420685123175,48.69536210029579,./Dataset/AIGCIQA2023/Image/allimg/1718.png,Stable diff,Complex,World Knowledge,"An anime illustration of Sydney Opera House sitting next to Eiffel tower, under a blue night sky of roiling energy, exploding yellow stars, and radiating swirls of blu"
46.91686161526946,39.40724453499036,42.83182876781744,./Dataset/AIGCIQA2023/Image/allimg/1719.png,Stable diff,Complex,World Knowledge,"An anime illustration of Sydney Opera House sitting next to Eiffel tower, under a blue night sky of roiling energy, exploding yellow stars, and radiating swirls of blu"
56.08123536873834,55.724279535854976,51.62630491868138,./Dataset/AIGCIQA2023/Image/allimg/1720.png,Stable diff,Fine-grained Detail,Animals,a dolphin in an astronaut suit on saturn
40.44433859157101,41.39546777128866,39.00389009440954,./Dataset/AIGCIQA2023/Image/allimg/1721.png,Stable diff,Fine-grained Detail,Animals,a dolphin in an astronaut suit on saturn
59.66427853402932,52.45820105938342,48.06255756031515,./Dataset/AIGCIQA2023/Image/allimg/1722.png,Stable diff,Fine-grained Detail,Animals,a dolphin in an astronaut suit on saturn
50.99425678949481,55.69583729363435,47.02679255269511,./Dataset/AIGCIQA2023/Image/allimg/1723.png,Stable diff,Fine-grained Detail,Animals,a dolphin in an astronaut suit on saturn
54.82121044766996,55.22960714198037,58.816135598288746,./Dataset/AIGCIQA2023/Image/allimg/1732.png,Stable diff,Fine-grained Detail,Artifacts,purple lego dollhouse with a pool and a swing
52.67048138373554,56.9108074374976,55.006285853890425,./Dataset/AIGCIQA2023/Image/allimg/1733.png,Stable diff,Fine-grained Detail,Artifacts,purple lego dollhouse with a pool and a swing
58.81324911930014,54.68372923210971,55.913467202586126,./Dataset/AIGCIQA2023/Image/allimg/1734.png,Stable diff,Fine-grained Detail,Artifacts,purple lego dollhouse with a pool and a swing
50.68086186163845,49.88737816266689,51.73489948261918,./Dataset/AIGCIQA2023/Image/allimg/1735.png,Stable diff,Fine-grained Detail,Artifacts,purple lego dollhouse with a pool and a swing
49.02088710058216,51.16852278776726,51.48030417292891,./Dataset/AIGCIQA2023/Image/allimg/1744.png,Stable diff,Fine-grained Detail,Illustrations,a kids' book cover with an illustration of white dog driving a red pickup truck
38.555297844733616,40.34746321328604,44.98277743656544,./Dataset/AIGCIQA2023/Image/allimg/1745.png,Stable diff,Fine-grained Detail,Illustrations,a kids' book cover with an illustration of white dog driving a red pickup truck
50.87794570267822,50.79629295208169,55.56419526998891,./Dataset/AIGCIQA2023/Image/allimg/1746.png,Stable diff,Fine-grained Detail,Illustrations,a kids' book cover with an illustration of white dog driving a red pickup truck
58.57577082075332,51.35770612158275,49.28781225477557,./Dataset/AIGCIQA2023/Image/allimg/1747.png,Stable diff,Fine-grained Detail,Illustrations,a kids' book cover with an illustration of white dog driving a red pickup truck
56.50230184227503,52.83813167334838,56.887578475284194,./Dataset/AIGCIQA2023/Image/allimg/1756.png,Stable diff,Fine-grained Detail,World Knowledge,a teddy bear on a skateboard in times square
57.744740440892,55.10239222036161,58.69780236644118,./Dataset/AIGCIQA2023/Image/allimg/1757.png,Stable diff,Fine-grained Detail,World Knowledge,a teddy bear on a skateboard in times square
64.6273886077111,65.51899919588165,61.72598437579335,./Dataset/AIGCIQA2023/Image/allimg/1758.png,Stable diff,Fine-grained Detail,World Knowledge,a teddy bear on a skateboard in times square
39.94172751864458,41.576232709961445,48.17577340955098,./Dataset/AIGCIQA2023/Image/allimg/1759.png,Stable diff,Fine-grained Detail,World Knowledge,a teddy bear on a skateboard in times square
63.08183786440095,53.53741110317886,57.15613654687928,./Dataset/AIGCIQA2023/Image/allimg/1760.png,Stable diff,Imagination,Animals,A blue colored dog
64.74561461153685,64.67066235173499,62.50448366582924,./Dataset/AIGCIQA2023/Image/allimg/1761.png,Stable diff,Imagination,Animals,A blue colored dog
56.41726416932151,47.4884864747237,45.46882304020776,./Dataset/AIGCIQA2023/Image/allimg/1762.png,Stable diff,Imagination,Animals,A blue colored dog
53.76169177431948,53.61558153034267,55.93223619426318,./Dataset/AIGCIQA2023/Image/allimg/1763.png,Stable diff,Imagination,Animals,A blue colored dog
57.569690286124114,56.21947571389903,60.3652594421412,./Dataset/AIGCIQA2023/Image/allimg/1764.png,Stable diff,Imagination,People,A photo of an astronaut riding a horse in the forest.
58.56969555309058,61.314634575487005,63.57843324938258,./Dataset/AIGCIQA2023/Image/allimg/1765.png,Stable diff,Imagination,People,A photo of an astronaut riding a horse in the forest.
44.55144062152653,43.06014190065245,44.52084931426099,./Dataset/AIGCIQA2023/Image/allimg/1766.png,Stable diff,Imagination,People,A photo of an astronaut riding a horse in the forest.
58.46142499417168,59.0071385832392,63.545093838927,./Dataset/AIGCIQA2023/Image/allimg/1767.png,Stable diff,Imagination,People,A photo of an astronaut riding a horse in the forest.
57.90792746018509,51.673456540369465,44.863770170389806,./Dataset/AIGCIQA2023/Image/allimg/1768.png,Stable diff,Imagination,Vehicles,A bicycle on top of a boat
43.33990984491352,45.84389306386283,41.97126911537554,./Dataset/AIGCIQA2023/Image/allimg/1769.png,Stable diff,Imagination,Vehicles,A bicycle on top of a boat
55.075109511798885,54.738771319524616,54.297879991752254,./Dataset/AIGCIQA2023/Image/allimg/1770.png,Stable diff,Imagination,Vehicles,A bicycle on top of a boat
60.894046036216096,57.52642793567683,58.96545906233146,./Dataset/AIGCIQA2023/Image/allimg/1771.png,Stable diff,Imagination,Vehicles,A bicycle on top of a boat
56.570345628910765,54.15809534520194,60.06110505728755,./Dataset/AIGCIQA2023/Image/allimg/1772.png,Stable diff,Imagination,Artifacts,a sword slicing through a loaf of bread
56.1991462070207,50.97978273807711,54.97113683392891,./Dataset/AIGCIQA2023/Image/allimg/1773.png,Stable diff,Imagination,Artifacts,a sword slicing through a loaf of bread
55.1160808815902,58.688522189702496,52.028877685396,./Dataset/AIGCIQA2023/Image/allimg/1774.png,Stable diff,Imagination,Artifacts,a sword slicing through a loaf of bread
46.73149102586056,44.19729654948594,37.2111846961142,./Dataset/AIGCIQA2023/Image/allimg/1775.png,Stable diff,Imagination,Artifacts,a sword slicing through a loaf of bread
62.48633535217832,53.92830252691158,41.84628713727662,./Dataset/AIGCIQA2023/Image/allimg/1776.png,Stable diff,Imagination,Produce & Plants,an orange wearing a cowboy hat
65.15770647689237,64.79157728006128,67.27161253949386,./Dataset/AIGCIQA2023/Image/allimg/1777.png,Stable diff,Imagination,Produce & Plants,an orange wearing a cowboy hat
50.38316367583322,51.948251885292265,49.47602094563306,./Dataset/AIGCIQA2023/Image/allimg/1778.png,Stable diff,Imagination,Produce & Plants,an orange wearing a cowboy hat
39.56883747410289,40.66812643009052,31.75604919394357,./Dataset/AIGCIQA2023/Image/allimg/1779.png,Stable diff,Imagination,Produce & Plants,an orange wearing a cowboy hat
62.016826897423456,50.816135624474576,52.8863635183409,./Dataset/AIGCIQA2023/Image/allimg/1780.png,Stable diff,Imagination,Food & Beverage,A bowl of soup that looks like a monster with tofu says deep learning
49.79952323599699,50.65417715139744,40.66631118099538,./Dataset/AIGCIQA2023/Image/allimg/1781.png,Stable diff,Imagination,Food & Beverage,A bowl of soup that looks like a monster with tofu says deep learning
34.70626352047766,32.00695375670026,34.43838737375272,./Dataset/AIGCIQA2023/Image/allimg/1782.png,Stable diff,Imagination,Food & Beverage,A bowl of soup that looks like a monster with tofu says deep learning
55.32403297626875,52.49544427819093,51.07957790161871,./Dataset/AIGCIQA2023/Image/allimg/1783.png,Stable diff,Imagination,Food & Beverage,A bowl of soup that looks like a monster with tofu says deep learning
47.624554072529975,46.21557943025012,45.528535103005744,./Dataset/AIGCIQA2023/Image/allimg/1784.png,Stable diff,Imagination,Illustrations,a drawing of a series of musical notes wrapped around the Earth
50.52819978807471,47.94620073461898,47.299459233448495,./Dataset/AIGCIQA2023/Image/allimg/1785.png,Stable diff,Imagination,Illustrations,a drawing of a series of musical notes wrapped around the Earth
49.57944181715537,47.70490080600456,43.43985204995063,./Dataset/AIGCIQA2023/Image/allimg/1786.png,Stable diff,Imagination,Illustrations,a drawing of a series of musical notes wrapped around the Earth
49.36869847798702,45.88819921652326,45.67281761483496,./Dataset/AIGCIQA2023/Image/allimg/1787.png,Stable diff,Imagination,Illustrations,a drawing of a series of musical notes wrapped around the Earth
39.83004983871659,34.50364016598942,39.74556117339584,./Dataset/AIGCIQA2023/Image/allimg/1788.png,Stable diff,Imagination,Indoor Scenes,a small kitchen with a white goat in it
56.43824421826324,52.19556016479468,55.64202342071017,./Dataset/AIGCIQA2023/Image/allimg/1789.png,Stable diff,Imagination,Indoor Scenes,a small kitchen with a white goat in it
49.10298971024492,41.6653682220433,48.974946531964704,./Dataset/AIGCIQA2023/Image/allimg/1790.png,Stable diff,Imagination,Indoor Scenes,a small kitchen with a white goat in it
65.5245609983454,65.76694448345943,57.35245199957959,./Dataset/AIGCIQA2023/Image/allimg/1791.png,Stable diff,Imagination,Indoor Scenes,a small kitchen with a white goat in it
52.635563911319615,54.28610109584214,45.78304201208747,./Dataset/AIGCIQA2023/Image/allimg/1792.png,Stable diff,Imagination,Outdoor Scenes,A large city fountain that has milk instead of water. Several cats are leaning into the fountain.
58.32383820072005,53.95861817339719,43.86112665718158,./Dataset/AIGCIQA2023/Image/allimg/1793.png,Stable diff,Imagination,Outdoor Scenes,A large city fountain that has milk instead of water. Several cats are leaning into the fountain.
41.71953808500279,51.03223179757445,40.29670824853071,./Dataset/AIGCIQA2023/Image/allimg/1794.png,Stable diff,Imagination,Outdoor Scenes,A large city fountain that has milk instead of water. Several cats are leaning into the fountain.
51.50582481186568,51.337672552300965,49.67651471381122,./Dataset/AIGCIQA2023/Image/allimg/1795.png,Stable diff,Imagination,Outdoor Scenes,A large city fountain that has milk instead of water. Several cats are leaning into the fountain.
64.06464014052115,53.845284126533954,59.54771854062879,./Dataset/AIGCIQA2023/Image/allimg/1796.png,Stable diff,Imagination,World Knowledge,an elephant walking on the Great Wall
44.32514940475055,43.17721475465679,50.72023455553517,./Dataset/AIGCIQA2023/Image/allimg/1797.png,Stable diff,Imagination,World Knowledge,an elephant walking on the Great Wall
52.17729994522379,48.52146050816167,52.06919674864427,./Dataset/AIGCIQA2023/Image/allimg/1798.png,Stable diff,Imagination,World Knowledge,an elephant walking on the Great Wall
54.62243724398259,48.04038832872168,59.22103642803816,./Dataset/AIGCIQA2023/Image/allimg/1799.png,Stable diff,Imagination,World Knowledge,an elephant walking on the Great Wall
59.32703875628668,61.16722403144824,48.16886729883917,./Dataset/AIGCIQA2023/Image/allimg/1800.png,Stable diff,Style & Format,Animals,A photo of a panda made of water.
55.688670404483126,55.06703550874222,55.05517780941619,./Dataset/AIGCIQA2023/Image/allimg/1801.png,Stable diff,Style & Format,Animals,A photo of a panda made of water.
53.024321136381786,53.51558801819292,42.76893679571245,./Dataset/AIGCIQA2023/Image/allimg/1802.png,Stable diff,Style & Format,Animals,A photo of a panda made of water.
41.13426780646383,43.11519925513848,40.766045618553,./Dataset/AIGCIQA2023/Image/allimg/1803.png,Stable diff,Style & Format,Animals,A photo of a panda made of water.
59.53933613226006,52.1646776914252,58.32844634546633,./Dataset/AIGCIQA2023/Image/allimg/1804.png,Stable diff,Style & Format,People,"a portrait of a man wearing sunglasses and a business suit, painting in pop art style"
53.65634271129409,49.88868117482063,51.8718868857941,./Dataset/AIGCIQA2023/Image/allimg/1805.png,Stable diff,Style & Format,People,"a portrait of a man wearing sunglasses and a business suit, painting in pop art style"
52.810214207273816,50.60603655737683,55.83858825707611,./Dataset/AIGCIQA2023/Image/allimg/1806.png,Stable diff,Style & Format,People,"a portrait of a man wearing sunglasses and a business suit, painting in pop art style"
54.52687499002112,56.52793091642711,54.87919798688536,./Dataset/AIGCIQA2023/Image/allimg/1807.png,Stable diff,Style & Format,People,"a portrait of a man wearing sunglasses and a business suit, painting in pop art style"
51.64290357749421,51.52207008811307,51.25015383688668,./Dataset/AIGCIQA2023/Image/allimg/1808.png,Stable diff,Style & Format,Vehicles,a cartoon of a train going to the moon
48.26321170934884,46.5146042837582,47.331195381704624,./Dataset/AIGCIQA2023/Image/allimg/1809.png,Stable diff,Style & Format,Vehicles,a cartoon of a train going to the moon
55.96553469814857,55.48627627753194,56.61991668868122,./Dataset/AIGCIQA2023/Image/allimg/1810.png,Stable diff,Style & Format,Vehicles,a cartoon of a train going to the moon
54.02522744096681,49.69674155012719,50.73983111073539,./Dataset/AIGCIQA2023/Image/allimg/1811.png,Stable diff,Style & Format,Vehicles,a cartoon of a train going to the moon
57.32174911806472,56.89810466353358,42.21371020468175,./Dataset/AIGCIQA2023/Image/allimg/1812.png,Stable diff,Style & Format,Artifacts,A spaceship made of cardboard.
62.57100417265548,61.81446922378662,66.18907788990808,./Dataset/AIGCIQA2023/Image/allimg/1813.png,Stable diff,Style & Format,Artifacts,A spaceship made of cardboard.
45.92635084944078,43.75118096799192,48.04243334567618,./Dataset/AIGCIQA2023/Image/allimg/1814.png,Stable diff,Style & Format,Artifacts,A spaceship made of cardboard.
58.321491101338026,57.3077454200335,58.89842711899844,./Dataset/AIGCIQA2023/Image/allimg/1815.png,Stable diff,Style & Format,Artifacts,A spaceship made of cardboard.
60.97484320678416,61.04604420238608,51.43415914948431,./Dataset/AIGCIQA2023/Image/allimg/1816.png,Stable diff,Style & Format,Produce & Plants,A photo of a lotus flower made of water. 
63.157938490748826,62.48813810807229,51.7514385512256,./Dataset/AIGCIQA2023/Image/allimg/1817.png,Stable diff,Style & Format,Produce & Plants,A photo of a lotus flower made of water. 
61.2762644299922,57.22439342536397,53.73102256207635,./Dataset/AIGCIQA2023/Image/allimg/1818.png,Stable diff,Style & Format,Produce & Plants,A photo of a lotus flower made of water. 
64.99488418782084,65.82525266898111,58.0442427239522,./Dataset/AIGCIQA2023/Image/allimg/1819.png,Stable diff,Style & Format,Produce & Plants,A photo of a lotus flower made of water. 
49.53352028991166,40.310578064887714,49.41652967503487,./Dataset/AIGCIQA2023/Image/allimg/1820.png,Stable diff,Style & Format,Food & Beverage,a painting of the food of china
50.76246088949405,46.27868613058047,46.9486742226264,./Dataset/AIGCIQA2023/Image/allimg/1821.png,Stable diff,Style & Format,Food & Beverage,a painting of the food of china
44.2292456521504,48.8002990924501,52.6652885104484,./Dataset/AIGCIQA2023/Image/allimg/1822.png,Stable diff,Style & Format,Food & Beverage,a painting of the food of china
59.20971032735672,62.82935855510093,60.13381132744551,./Dataset/AIGCIQA2023/Image/allimg/1823.png,Stable diff,Style & Format,Food & Beverage,a painting of the food of china
63.51048415222036,59.58611781757755,49.800683850859,./Dataset/AIGCIQA2023/Image/allimg/1824.png,Stable diff,Style & Format,Illustrations,"an emoji of a baby penguin wearing a blue hat, red gloves, green shirt, and yellow pants"
38.618651882250695,34.84390625096119,37.27619765164249,./Dataset/AIGCIQA2023/Image/allimg/1825.png,Stable diff,Style & Format,Illustrations,"an emoji of a baby penguin wearing a blue hat, red gloves, green shirt, and yellow pants"
57.6690916694168,53.5457660619571,49.86190767397672,./Dataset/AIGCIQA2023/Image/allimg/1826.png,Stable diff,Style & Format,Illustrations,"an emoji of a baby penguin wearing a blue hat, red gloves, green shirt, and yellow pants"
56.94779077364946,55.247896856024816,47.69499441848514,./Dataset/AIGCIQA2023/Image/allimg/1827.png,Stable diff,Style & Format,Illustrations,"an emoji of a baby penguin wearing a blue hat, red gloves, green shirt, and yellow pants"
58.35301167280928,53.74666128989482,50.78400037257971,./Dataset/AIGCIQA2023/Image/allimg/1828.png,Stable diff,Style & Format,Arts,an oil painting of a tree and a building
47.57755265076399,51.40043106734957,54.80514357644487,./Dataset/AIGCIQA2023/Image/allimg/1829.png,Stable diff,Style & Format,Arts,an oil painting of a tree and a building
51.455981891573,50.08213118693583,42.00840460114093,./Dataset/AIGCIQA2023/Image/allimg/1830.png,Stable diff,Style & Format,Arts,an oil painting of a tree and a building
40.922410858256576,45.65659104628965,52.37145030406113,./Dataset/AIGCIQA2023/Image/allimg/1831.png,Stable diff,Style & Format,Arts,an oil painting of a tree and a building
53.77738205301684,50.48145119298057,57.56700124531359,./Dataset/AIGCIQA2023/Image/allimg/1832.png,Stable diff,Style & Format,Outdoor Scenes,a painting of a white country home with a wrap-around porch
48.70695537816035,49.79549597341647,50.6370195296128,./Dataset/AIGCIQA2023/Image/allimg/1833.png,Stable diff,Style & Format,Outdoor Scenes,a painting of a white country home with a wrap-around porch
63.16432738962765,61.54442418309035,59.64157430707122,./Dataset/AIGCIQA2023/Image/allimg/1834.png,Stable diff,Style & Format,Outdoor Scenes,a painting of a white country home with a wrap-around porch
61.47752392644009,61.143944253358455,63.74248306894142,./Dataset/AIGCIQA2023/Image/allimg/1835.png,Stable diff,Style & Format,Outdoor Scenes,a painting of a white country home with a wrap-around porch
51.95996660899596,50.78621756462309,53.94045299261385,./Dataset/AIGCIQA2023/Image/allimg/1836.png,Stable diff,Style & Format,World Knowledge,Downtown Shanghai at sunrise. detailed ink wash.
50.818835564018265,53.66298124179578,53.14104373436745,./Dataset/AIGCIQA2023/Image/allimg/1837.png,Stable diff,Style & Format,World Knowledge,Downtown Shanghai at sunrise. detailed ink wash.
56.2940361868426,57.6312381625016,52.60682986545627,./Dataset/AIGCIQA2023/Image/allimg/1838.png,Stable diff,Style & Format,World Knowledge,Downtown Shanghai at sunrise. detailed ink wash.
50.17199029385548,48.10697154740477,50.2868244544183,./Dataset/AIGCIQA2023/Image/allimg/1839.png,Stable diff,Style & Format,World Knowledge,Downtown Shanghai at sunrise. detailed ink wash.
52.1684711567441,42.73924717522367,46.074871434785074,./Dataset/AIGCIQA2023/Image/allimg/1840.png,Stable diff,Writing & Symbols,Animals,"a cartoon of a dog saying ""I see what you did there"""
43.26130815138149,38.31362109893803,39.11760043697246,./Dataset/AIGCIQA2023/Image/allimg/1841.png,Stable diff,Writing & Symbols,Animals,"a cartoon of a dog saying ""I see what you did there"""
43.23211293147915,38.041576874518135,40.747258010997896,./Dataset/AIGCIQA2023/Image/allimg/1842.png,Stable diff,Writing & Symbols,Animals,"a cartoon of a dog saying ""I see what you did there"""
52.30787445855018,46.859822376453415,46.27804663804572,./Dataset/AIGCIQA2023/Image/allimg/1843.png,Stable diff,Writing & Symbols,Animals,"a cartoon of a dog saying ""I see what you did there"""
40.35338481596512,36.49042050385275,37.72267519459185,./Dataset/AIGCIQA2023/Image/allimg/1844.png,Stable diff,Writing & Symbols,People,the word 'HELLO' on a girl's face
54.67090513109058,45.976820207054274,44.379632673820765,./Dataset/AIGCIQA2023/Image/allimg/1845.png,Stable diff,Writing & Symbols,People,the word 'HELLO' on a girl's face
59.07886392170748,57.78180494256944,44.399122540200594,./Dataset/AIGCIQA2023/Image/allimg/1846.png,Stable diff,Writing & Symbols,People,the word 'HELLO' on a girl's face
59.62875342628056,55.02084543038135,48.85902517051607,./Dataset/AIGCIQA2023/Image/allimg/1847.png,Stable diff,Writing & Symbols,People,the word 'HELLO' on a girl's face
61.77784039828185,54.58887657140609,55.24699743637032,./Dataset/AIGCIQA2023/Image/allimg/1848.png,Stable diff,Writing & Symbols,Vehicles,a hot air balloon with chameleon logo. the sun is shining and puffy white clouds are in the background.
65.2423232939503,58.73334584692991,63.41067944738498,./Dataset/AIGCIQA2023/Image/allimg/1849.png,Stable diff,Writing & Symbols,Vehicles,a hot air balloon with chameleon logo. the sun is shining and puffy white clouds are in the background.
44.29673726558404,36.927905332443125,41.46256763539926,./Dataset/AIGCIQA2023/Image/allimg/1850.png,Stable diff,Writing & Symbols,Vehicles,a hot air balloon with chameleon logo. the sun is shining and puffy white clouds are in the background.
66.6346306869713,63.60056831966298,52.620245980156085,./Dataset/AIGCIQA2023/Image/allimg/1851.png,Stable diff,Writing & Symbols,Vehicles,a hot air balloon with chameleon logo. the sun is shining and puffy white clouds are in the background.
62.63969965716456,63.4467696936306,53.64965077289729,./Dataset/AIGCIQA2023/Image/allimg/1852.png,Stable diff,Writing & Symbols,Artifacts,A sign that says Deep Learning
57.31863196883545,54.29099428733442,44.47901512751322,./Dataset/AIGCIQA2023/Image/allimg/1853.png,Stable diff,Writing & Symbols,Artifacts,A sign that says Deep Learning
51.31409828230162,43.53030983004615,39.36464574426967,./Dataset/AIGCIQA2023/Image/allimg/1854.png,Stable diff,Writing & Symbols,Artifacts,A sign that says Deep Learning
49.69533825622079,54.80931321445361,44.03081324601702,./Dataset/AIGCIQA2023/Image/allimg/1855.png,Stable diff,Writing & Symbols,Artifacts,A sign that says Deep Learning
55.09151188932151,47.62359554158304,57.019829110961055,./Dataset/AIGCIQA2023/Image/allimg/1856.png,Stable diff,Writing & Symbols,Produce & Plants,the word 'APPLE' on an apple
58.12329175060777,52.43109506615188,43.582756607966175,./Dataset/AIGCIQA2023/Image/allimg/1857.png,Stable diff,Writing & Symbols,Produce & Plants,the word 'APPLE' on an apple
60.44603081437988,57.60295147394854,48.1408808237763,./Dataset/AIGCIQA2023/Image/allimg/1858.png,Stable diff,Writing & Symbols,Produce & Plants,the word 'APPLE' on an apple
43.70400156883108,40.58663199489388,45.3648507793269,./Dataset/AIGCIQA2023/Image/allimg/1859.png,Stable diff,Writing & Symbols,Produce & Plants,the word 'APPLE' on an apple
47.75396713877588,47.79074509371312,44.9649461098356,./Dataset/AIGCIQA2023/Image/allimg/1860.png,Stable diff,Writing & Symbols,Food & Beverage,"Two cups of coffee, one with latte art of the words ""LOVE"" written in one. The other has latte art of the words ""PEACE"" written in the other."
44.91592130419732,43.1113609894865,47.53629186247243,./Dataset/AIGCIQA2023/Image/allimg/1861.png,Stable diff,Writing & Symbols,Food & Beverage,"Two cups of coffee, one with latte art of the words ""LOVE"" written in one. The other has latte art of the words ""PEACE"" written in the other."
62.43006589738292,59.03756166650568,53.118287746760416,./Dataset/AIGCIQA2023/Image/allimg/1862.png,Stable diff,Writing & Symbols,Food & Beverage,"Two cups of coffee, one with latte art of the words ""LOVE"" written in one. The other has latte art of the words ""PEACE"" written in the other."
57.253603274248896,57.90072277997108,51.58089382049569,./Dataset/AIGCIQA2023/Image/allimg/1863.png,Stable diff,Writing & Symbols,Food & Beverage,"Two cups of coffee, one with latte art of the words ""LOVE"" written in one. The other has latte art of the words ""PEACE"" written in the other."
52.89349048132923,57.40458528717462,50.60129821402977,./Dataset/AIGCIQA2023/Image/allimg/1864.png,Stable diff,Writing & Symbols,Illustrations,the word 'START'
52.291440921139234,47.40384092340616,45.5841250037553,./Dataset/AIGCIQA2023/Image/allimg/1865.png,Stable diff,Writing & Symbols,Illustrations,the word 'START'
55.00298574460076,54.78385212901005,54.44738071509688,./Dataset/AIGCIQA2023/Image/allimg/1866.png,Stable diff,Writing & Symbols,Illustrations,the word 'START'
56.38538006509916,51.529841921777646,55.20268011931715,./Dataset/AIGCIQA2023/Image/allimg/1867.png,Stable diff,Writing & Symbols,Illustrations,the word 'START'
54.35827992842421,56.02359148123181,45.66852853830801,./Dataset/AIGCIQA2023/Image/allimg/1868.png,Stable diff,Writing & Symbols,Indoor Scenes,"a yellow wall with 'Hello, world.' written on it"
48.55181256856264,51.56189034741381,44.08757981592887,./Dataset/AIGCIQA2023/Image/allimg/1869.png,Stable diff,Writing & Symbols,Indoor Scenes,"a yellow wall with 'Hello, world.' written on it"
54.30429750258757,51.48354238286836,48.64582299601146,./Dataset/AIGCIQA2023/Image/allimg/1870.png,Stable diff,Writing & Symbols,Indoor Scenes,"a yellow wall with 'Hello, world.' written on it"
45.68929164155416,46.9843803155668,47.34362115997344,./Dataset/AIGCIQA2023/Image/allimg/1871.png,Stable diff,Writing & Symbols,Indoor Scenes,"a yellow wall with 'Hello, world.' written on it"
58.817134989559705,56.28526804253046,44.612091768596585,./Dataset/AIGCIQA2023/Image/allimg/1872.png,Stable diff,Writing & Symbols,Outdoor Scenes,a store front with 'Grassy Meadow' written on it
59.59072448180059,59.317646704809206,53.754974680222325,./Dataset/AIGCIQA2023/Image/allimg/1873.png,Stable diff,Writing & Symbols,Outdoor Scenes,a store front with 'Grassy Meadow' written on it
42.51573067388007,44.59426999709616,48.128192257467,./Dataset/AIGCIQA2023/Image/allimg/1874.png,Stable diff,Writing & Symbols,Outdoor Scenes,a store front with 'Grassy Meadow' written on it
56.733263558757095,53.03429185099592,51.507452661584566,./Dataset/AIGCIQA2023/Image/allimg/1875.png,Stable diff,Writing & Symbols,Outdoor Scenes,a store front with 'Grassy Meadow' written on it
42.09051557617514,49.79260670322157,40.03988917210828,./Dataset/AIGCIQA2023/Image/allimg/1876.png,Stable diff,Writing & Symbols,World Knowledge,"A green sign that says ""Very Deep Learning"" and is at the edge of the Grand Canyon."
57.00019228365411,59.925834784079406,53.989397120516585,./Dataset/AIGCIQA2023/Image/allimg/1877.png,Stable diff,Writing & Symbols,World Knowledge,"A green sign that says ""Very Deep Learning"" and is at the edge of the Grand Canyon."
60.74908678149446,53.02721437106201,54.63621934214652,./Dataset/AIGCIQA2023/Image/allimg/1878.png,Stable diff,Writing & Symbols,World Knowledge,"A green sign that says ""Very Deep Learning"" and is at the edge of the Grand Canyon."
63.20669675781201,63.5988658943873,55.86857266735787,./Dataset/AIGCIQA2023/Image/allimg/1879.png,Stable diff,Writing & Symbols,World Knowledge,"A green sign that says ""Very Deep Learning"" and is at the edge of the Grand Canyon."
62.444826669839664,62.94549212164054,60.10415657348789,./Dataset/AIGCIQA2023/Image/allimg/1904.png,Stable diff,Quantity,Illustrations,three small yellow boxes
49.394253496247664,46.36002577211248,49.3062905007853,./Dataset/AIGCIQA2023/Image/allimg/1905.png,Stable diff,Quantity,Illustrations,three small yellow boxes
57.26112414680058,55.2765607479741,57.87900191405606,./Dataset/AIGCIQA2023/Image/allimg/1906.png,Stable diff,Quantity,Illustrations,three small yellow boxes
54.99962945989048,51.25065974259256,46.404563259504535,./Dataset/AIGCIQA2023/Image/allimg/1907.png,Stable diff,Quantity,Illustrations,three small yellow boxes
50.25433865771184,45.98801184732639,50.82488602852647,./Dataset/AIGCIQA2023/Image/allimg/1944.png,Stable diff,Perspective,Illustrations,A robot with a black visor and the number 42 on its chest. It stands proudly in front of an F1 race car. The sun is setting on a cityscape in the background. wide-angle view. comic book illustration.
48.56457050413687,44.99295315971189,47.60768346863313,./Dataset/AIGCIQA2023/Image/allimg/1945.png,Stable diff,Perspective,Illustrations,A robot with a black visor and the number 42 on its chest. It stands proudly in front of an F1 race car. The sun is setting on a cityscape in the background. wide-angle view. comic book illustration.
53.85799898748873,52.1581796740085,39.77415957580693,./Dataset/AIGCIQA2023/Image/allimg/1946.png,Stable diff,Perspective,Illustrations,A robot with a black visor and the number 42 on its chest. It stands proudly in front of an F1 race car. The sun is setting on a cityscape in the background. wide-angle view. comic book illustration.
53.24759339946037,54.06298054504056,51.417191975834974,./Dataset/AIGCIQA2023/Image/allimg/1947.png,Stable diff,Perspective,Illustrations,A robot with a black visor and the number 42 on its chest. It stands proudly in front of an F1 race car. The sun is setting on a cityscape in the background. wide-angle view. comic book illustration.
65.08095317438331,66.31041587015783,62.85149621002012,./Dataset/AIGCIQA2023/Image/allimg/1984.png,Stable diff,Linguistic Structures,Illustrations,We painted the wall with cracks.
40.7001741129341,36.87494867601615,38.59115692665106,./Dataset/AIGCIQA2023/Image/allimg/1985.png,Stable diff,Linguistic Structures,Illustrations,We painted the wall with cracks.
50.64200242832642,52.83643444918808,53.0534389455637,./Dataset/AIGCIQA2023/Image/allimg/1986.png,Stable diff,Linguistic Structures,Illustrations,We painted the wall with cracks.
65.33539407785607,63.42492112498686,65.54080148815598,./Dataset/AIGCIQA2023/Image/allimg/1987.png,Stable diff,Linguistic Structures,Illustrations,We painted the wall with cracks.
40.91479333458223,40.28394595187348,48.16217235414626,./Dataset/AIGCIQA2023/Image/allimg/2052.png,undiffuser,Simple Detail,Artifacts,a teddy bear on a skateboard
54.52167974043082,53.796648300191,46.87513822488465,./Dataset/AIGCIQA2023/Image/allimg/2053.png,undiffuser,Simple Detail,Artifacts,a teddy bear on a skateboard
58.991621715391794,57.08014766306328,56.41093964600184,./Dataset/AIGCIQA2023/Image/allimg/2054.png,undiffuser,Simple Detail,Artifacts,a teddy bear on a skateboard
55.72438119042054,51.76649804944434,44.25067716824769,./Dataset/AIGCIQA2023/Image/allimg/2055.png,undiffuser,Simple Detail,Artifacts,a teddy bear on a skateboard
40.62215762685775,40.66408747750552,40.19401620134627,./Dataset/AIGCIQA2023/Image/allimg/2064.png,undiffuser,Simple Detail,Illustrations,A heart made of chocolate
55.9157846453161,59.3456109772553,59.03933187572064,./Dataset/AIGCIQA2023/Image/allimg/2065.png,undiffuser,Simple Detail,Illustrations,A heart made of chocolate
54.20530372872313,52.31442875115729,56.05866131212449,./Dataset/AIGCIQA2023/Image/allimg/2066.png,undiffuser,Simple Detail,Illustrations,A heart made of chocolate
48.8826895599156,46.21624044053405,47.77494066402673,./Dataset/AIGCIQA2023/Image/allimg/2067.png,undiffuser,Simple Detail,Illustrations,A heart made of chocolate
55.46189432972635,43.31795131700797,43.36024055385647,./Dataset/AIGCIQA2023/Image/allimg/2080.png,undiffuser,Complex,Animals,A donkey is playing tug-of-war against an octopus. The donkey holds the rope in its mouth. A cat is jumping over the rope.
54.09498391152965,39.8043710302774,48.50909840514743,./Dataset/AIGCIQA2023/Image/allimg/2081.png,undiffuser,Complex,Animals,A donkey is playing tug-of-war against an octopus. The donkey holds the rope in its mouth. A cat is jumping over the rope.
38.98536082881739,34.65027732753142,34.42119094822249,./Dataset/AIGCIQA2023/Image/allimg/2082.png,undiffuser,Complex,Animals,A donkey is playing tug-of-war against an octopus. The donkey holds the rope in its mouth. A cat is jumping over the rope.
45.851146924584576,42.81122061396969,44.782377040080725,./Dataset/AIGCIQA2023/Image/allimg/2083.png,undiffuser,Complex,Animals,A donkey is playing tug-of-war against an octopus. The donkey holds the rope in its mouth. A cat is jumping over the rope.
53.69489087670153,54.9370035926634,57.88082735123746,./Dataset/AIGCIQA2023/Image/allimg/2092.png,undiffuser,Complex,Artifacts,a propaganda poster depicting a cat dressed as french emperor napoleon holding a piece of cheese
48.33409366418511,43.134460836116645,44.03484173803946,./Dataset/AIGCIQA2023/Image/allimg/2093.png,undiffuser,Complex,Artifacts,a propaganda poster depicting a cat dressed as french emperor napoleon holding a piece of cheese
52.53577663835025,52.976015352448506,56.3446325130178,./Dataset/AIGCIQA2023/Image/allimg/2094.png,undiffuser,Complex,Artifacts,a propaganda poster depicting a cat dressed as french emperor napoleon holding a piece of cheese
44.14366357381957,43.62065086406309,45.67893526480167,./Dataset/AIGCIQA2023/Image/allimg/2095.png,undiffuser,Complex,Artifacts,a propaganda poster depicting a cat dressed as french emperor napoleon holding a piece of cheese
34.840344608549216,44.02863461231162,39.7268285330403,./Dataset/AIGCIQA2023/Image/allimg/2104.png,undiffuser,Complex,Illustrations,"A set of 2x2 emoji icons with happy, angry, surprised and sobbing faces. The emoji icons look like colorful macarons. All of the macarons are wearing cowboy hats."
56.48349075605559,50.67091291119024,46.45031813092429,./Dataset/AIGCIQA2023/Image/allimg/2105.png,undiffuser,Complex,Illustrations,"A set of 2x2 emoji icons with happy, angry, surprised and sobbing faces. The emoji icons look like colorful macarons. All of the macarons are wearing cowboy hats."
48.07963616784819,52.10157906033838,48.31130398418867,./Dataset/AIGCIQA2023/Image/allimg/2106.png,undiffuser,Complex,Illustrations,"A set of 2x2 emoji icons with happy, angry, surprised and sobbing faces. The emoji icons look like colorful macarons. All of the macarons are wearing cowboy hats."
49.0999894269721,48.085573925378434,49.06655335983604,./Dataset/AIGCIQA2023/Image/allimg/2107.png,undiffuser,Complex,Illustrations,"A set of 2x2 emoji icons with happy, angry, surprised and sobbing faces. The emoji icons look like colorful macarons. All of the macarons are wearing cowboy hats."
51.033982116409945,47.48222165831495,49.42039004047526,./Dataset/AIGCIQA2023/Image/allimg/2116.png,undiffuser,Complex,World Knowledge,"An anime illustration of Sydney Opera House sitting next to Eiffel tower, under a blue night sky of roiling energy, exploding yellow stars, and radiating swirls of blu"
56.9503087981383,55.773479873279015,60.39929381224099,./Dataset/AIGCIQA2023/Image/allimg/2117.png,undiffuser,Complex,World Knowledge,"An anime illustration of Sydney Opera House sitting next to Eiffel tower, under a blue night sky of roiling energy, exploding yellow stars, and radiating swirls of blu"
44.53584955733507,45.43689451544637,43.31534698576191,./Dataset/AIGCIQA2023/Image/allimg/2118.png,undiffuser,Complex,World Knowledge,"An anime illustration of Sydney Opera House sitting next to Eiffel tower, under a blue night sky of roiling energy, exploding yellow stars, and radiating swirls of blu"
55.13120217247511,49.59945560412963,55.32208434830613,./Dataset/AIGCIQA2023/Image/allimg/2119.png,undiffuser,Complex,World Knowledge,"An anime illustration of Sydney Opera House sitting next to Eiffel tower, under a blue night sky of roiling energy, exploding yellow stars, and radiating swirls of blu"
50.19682590297149,48.15787916895813,43.26863241694788,./Dataset/AIGCIQA2023/Image/allimg/2120.png,undiffuser,Fine-grained Detail,Animals,a dolphin in an astronaut suit on saturn
54.496566957961136,42.61608736881517,40.477065015670505,./Dataset/AIGCIQA2023/Image/allimg/2121.png,undiffuser,Fine-grained Detail,Animals,a dolphin in an astronaut suit on saturn
46.3313798428868,44.5161084921567,41.4018551814827,./Dataset/AIGCIQA2023/Image/allimg/2122.png,undiffuser,Fine-grained Detail,Animals,a dolphin in an astronaut suit on saturn
45.305833285192215,42.21040230680631,38.996892715727526,./Dataset/AIGCIQA2023/Image/allimg/2123.png,undiffuser,Fine-grained Detail,Animals,a dolphin in an astronaut suit on saturn
26.627285065145912,33.24190911721924,43.96370532755735,./Dataset/AIGCIQA2023/Image/allimg/2132.png,undiffuser,Fine-grained Detail,Artifacts,purple lego dollhouse with a pool and a swing
48.01382787086856,48.38249081931028,48.07190257376509,./Dataset/AIGCIQA2023/Image/allimg/2133.png,undiffuser,Fine-grained Detail,Artifacts,purple lego dollhouse with a pool and a swing
54.78439247345565,55.44573422434816,57.69027841298735,./Dataset/AIGCIQA2023/Image/allimg/2134.png,undiffuser,Fine-grained Detail,Artifacts,purple lego dollhouse with a pool and a swing
48.46750811234915,49.21985636843693,43.59122071361057,./Dataset/AIGCIQA2023/Image/allimg/2135.png,undiffuser,Fine-grained Detail,Artifacts,purple lego dollhouse with a pool and a swing
39.49813522674667,42.317018811846935,52.93593383235334,./Dataset/AIGCIQA2023/Image/allimg/2144.png,undiffuser,Fine-grained Detail,Illustrations,a kids' book cover with an illustration of white dog driving a red pickup truck
52.24579718461983,44.69360796843781,51.8631142010484,./Dataset/AIGCIQA2023/Image/allimg/2145.png,undiffuser,Fine-grained Detail,Illustrations,a kids' book cover with an illustration of white dog driving a red pickup truck
43.479981043016856,41.239092557538406,52.43785236022151,./Dataset/AIGCIQA2023/Image/allimg/2146.png,undiffuser,Fine-grained Detail,Illustrations,a kids' book cover with an illustration of white dog driving a red pickup truck
53.87515187977016,46.11734277766582,50.79460352017888,./Dataset/AIGCIQA2023/Image/allimg/2147.png,undiffuser,Fine-grained Detail,Illustrations,a kids' book cover with an illustration of white dog driving a red pickup truck
56.34894669444246,59.35481660670255,60.292267401923006,./Dataset/AIGCIQA2023/Image/allimg/2156.png,undiffuser,Fine-grained Detail,World Knowledge,a teddy bear on a skateboard in times square
37.923749866768965,43.09797758491912,52.73244337774446,./Dataset/AIGCIQA2023/Image/allimg/2157.png,undiffuser,Fine-grained Detail,World Knowledge,a teddy bear on a skateboard in times square
52.71964318404321,55.50910749003278,53.49363058629162,./Dataset/AIGCIQA2023/Image/allimg/2158.png,undiffuser,Fine-grained Detail,World Knowledge,a teddy bear on a skateboard in times square
47.31956145186263,46.993916350047925,45.3686713391286,./Dataset/AIGCIQA2023/Image/allimg/2159.png,undiffuser,Fine-grained Detail,World Knowledge,a teddy bear on a skateboard in times square
57.15805790036842,54.16535179900499,58.91777585490369,./Dataset/AIGCIQA2023/Image/allimg/2160.png,undiffuser,Imagination,Animals,A blue colored dog
33.83993327141204,34.58573216609138,37.413280369656455,./Dataset/AIGCIQA2023/Image/allimg/2161.png,undiffuser,Imagination,Animals,A blue colored dog
58.902607787527394,57.28955943456573,65.03213971250473,./Dataset/AIGCIQA2023/Image/allimg/2162.png,undiffuser,Imagination,Animals,A blue colored dog
52.6045383386734,48.18650456641964,58.27560445676396,./Dataset/AIGCIQA2023/Image/allimg/2163.png,undiffuser,Imagination,Animals,A blue colored dog
65.28459646316695,56.11458624730621,60.35466632889943,./Dataset/AIGCIQA2023/Image/allimg/2164.png,undiffuser,Imagination,People,A photo of an astronaut riding a horse in the forest.
49.24802423357061,45.79424286990843,48.6668032016939,./Dataset/AIGCIQA2023/Image/allimg/2165.png,undiffuser,Imagination,People,A photo of an astronaut riding a horse in the forest.
57.80421860565286,53.17801569222867,54.00937932469815,./Dataset/AIGCIQA2023/Image/allimg/2166.png,undiffuser,Imagination,People,A photo of an astronaut riding a horse in the forest.
39.780569475489926,50.96946454439952,46.36875268321047,./Dataset/AIGCIQA2023/Image/allimg/2167.png,undiffuser,Imagination,People,A photo of an astronaut riding a horse in the forest.
53.20433151628017,48.54242682536592,49.97274752559211,./Dataset/AIGCIQA2023/Image/allimg/2168.png,undiffuser,Imagination,Vehicles,A bicycle on top of a boat
34.124483319455216,35.05824388403301,42.7443107811561,./Dataset/AIGCIQA2023/Image/allimg/2169.png,undiffuser,Imagination,Vehicles,A bicycle on top of a boat
59.45477048585487,56.124237776465066,55.26415506236701,./Dataset/AIGCIQA2023/Image/allimg/2170.png,undiffuser,Imagination,Vehicles,A bicycle on top of a boat
55.66823367219022,52.4222779269106,60.04556958504455,./Dataset/AIGCIQA2023/Image/allimg/2171.png,undiffuser,Imagination,Vehicles,A bicycle on top of a boat
67.61463296303927,66.46348470993775,56.2611825877928,./Dataset/AIGCIQA2023/Image/allimg/2172.png,undiffuser,Imagination,Artifacts,a sword slicing through a loaf of bread
48.79023847761759,46.96981467005428,50.30732545239053,./Dataset/AIGCIQA2023/Image/allimg/2173.png,undiffuser,Imagination,Artifacts,a sword slicing through a loaf of bread
40.73733783595707,40.91683453885753,38.5988701260993,./Dataset/AIGCIQA2023/Image/allimg/2174.png,undiffuser,Imagination,Artifacts,a sword slicing through a loaf of bread
47.3850593665452,43.03254030944025,39.19531573730693,./Dataset/AIGCIQA2023/Image/allimg/2175.png,undiffuser,Imagination,Artifacts,a sword slicing through a loaf of bread
45.34092776445082,42.17092103074874,45.31079777497611,./Dataset/AIGCIQA2023/Image/allimg/2176.png,undiffuser,Imagination,Produce & Plants,an orange wearing a cowboy hat
40.97762746756202,38.82653669789645,39.39776959156217,./Dataset/AIGCIQA2023/Image/allimg/2177.png,undiffuser,Imagination,Produce & Plants,an orange wearing a cowboy hat
44.02406808460446,44.54328254060831,42.19259819956262,./Dataset/AIGCIQA2023/Image/allimg/2178.png,undiffuser,Imagination,Produce & Plants,an orange wearing a cowboy hat
39.94868664285912,43.017260426471545,41.84505159928676,./Dataset/AIGCIQA2023/Image/allimg/2179.png,undiffuser,Imagination,Produce & Plants,an orange wearing a cowboy hat
46.28397509930494,40.27038713517659,37.85359338871032,./Dataset/AIGCIQA2023/Image/allimg/2180.png,undiffuser,Imagination,Food & Beverage,A bowl of soup that looks like a monster with tofu says deep learning
52.86902059437798,51.86094736300654,43.60775976514727,./Dataset/AIGCIQA2023/Image/allimg/2181.png,undiffuser,Imagination,Food & Beverage,A bowl of soup that looks like a monster with tofu says deep learning
46.17068255053563,47.23660327618983,48.079564261129775,./Dataset/AIGCIQA2023/Image/allimg/2182.png,undiffuser,Imagination,Food & Beverage,A bowl of soup that looks like a monster with tofu says deep learning
48.7543621325998,45.54264390854014,45.46770550870433,./Dataset/AIGCIQA2023/Image/allimg/2183.png,undiffuser,Imagination,Food & Beverage,A bowl of soup that looks like a monster with tofu says deep learning
52.73012072982539,48.82170389623254,45.28001512095184,./Dataset/AIGCIQA2023/Image/allimg/2184.png,undiffuser,Imagination,Illustrations,a drawing of a series of musical notes wrapped around the Earth
50.677903753902285,45.74523000876041,48.40490138915784,./Dataset/AIGCIQA2023/Image/allimg/2185.png,undiffuser,Imagination,Illustrations,a drawing of a series of musical notes wrapped around the Earth
50.60492718173383,45.88793527167667,49.72612510964077,./Dataset/AIGCIQA2023/Image/allimg/2186.png,undiffuser,Imagination,Illustrations,a drawing of a series of musical notes wrapped around the Earth
45.2223842446367,45.03987812625778,43.22060242392181,./Dataset/AIGCIQA2023/Image/allimg/2187.png,undiffuser,Imagination,Illustrations,a drawing of a series of musical notes wrapped around the Earth
40.24717390956148,44.0873006973373,37.12963796233134,./Dataset/AIGCIQA2023/Image/allimg/2188.png,undiffuser,Imagination,Indoor Scenes,a small kitchen with a white goat in it
55.77276544286014,51.99252716278212,50.147941383973965,./Dataset/AIGCIQA2023/Image/allimg/2189.png,undiffuser,Imagination,Indoor Scenes,a small kitchen with a white goat in it
54.584419927222754,50.28978199023318,49.61037996297921,./Dataset/AIGCIQA2023/Image/allimg/2190.png,undiffuser,Imagination,Indoor Scenes,a small kitchen with a white goat in it
55.0767639225214,55.012817192889074,53.83286543761172,./Dataset/AIGCIQA2023/Image/allimg/2191.png,undiffuser,Imagination,Indoor Scenes,a small kitchen with a white goat in it
36.077645736232114,42.00041228817598,44.53351831874224,./Dataset/AIGCIQA2023/Image/allimg/2192.png,undiffuser,Imagination,Outdoor Scenes,A large city fountain that has milk instead of water. Several cats are leaning into the fountain.
56.691433413811126,55.79596025139288,48.34723388132348,./Dataset/AIGCIQA2023/Image/allimg/2193.png,undiffuser,Imagination,Outdoor Scenes,A large city fountain that has milk instead of water. Several cats are leaning into the fountain.
51.63141018435399,42.32244010788813,48.39548013109798,./Dataset/AIGCIQA2023/Image/allimg/2194.png,undiffuser,Imagination,Outdoor Scenes,A large city fountain that has milk instead of water. Several cats are leaning into the fountain.
53.25982388563418,52.05945350284338,51.92730251290173,./Dataset/AIGCIQA2023/Image/allimg/2195.png,undiffuser,Imagination,Outdoor Scenes,A large city fountain that has milk instead of water. Several cats are leaning into the fountain.
65.65073229245405,53.9663383928263,61.98718248705684,./Dataset/AIGCIQA2023/Image/allimg/2196.png,undiffuser,Imagination,World Knowledge,an elephant walking on the Great Wall
64.72505102902302,57.42318911741015,68.7594792742296,./Dataset/AIGCIQA2023/Image/allimg/2197.png,undiffuser,Imagination,World Knowledge,an elephant walking on the Great Wall
64.67510222738781,53.634144275561006,61.537126405485786,./Dataset/AIGCIQA2023/Image/allimg/2198.png,undiffuser,Imagination,World Knowledge,an elephant walking on the Great Wall
32.18542586994337,38.465424229692815,32.57929303706893,./Dataset/AIGCIQA2023/Image/allimg/2199.png,undiffuser,Imagination,World Knowledge,an elephant walking on the Great Wall
56.96561478952933,48.51057309386623,39.50501738089929,./Dataset/AIGCIQA2023/Image/allimg/2200.png,undiffuser,Style & Format,Animals,A photo of a panda made of water.
55.778916083669,61.48524740282994,51.24336769946575,./Dataset/AIGCIQA2023/Image/allimg/2201.png,undiffuser,Style & Format,Animals,A photo of a panda made of water.
47.68273825116407,46.42184277825783,43.6458132556211,./Dataset/AIGCIQA2023/Image/allimg/2202.png,undiffuser,Style & Format,Animals,A photo of a panda made of water.
36.81936568960592,43.43524924332355,43.39142820677494,./Dataset/AIGCIQA2023/Image/allimg/2203.png,undiffuser,Style & Format,Animals,A photo of a panda made of water.
60.533877888879886,54.45513642969748,57.87101625178189,./Dataset/AIGCIQA2023/Image/allimg/2204.png,undiffuser,Style & Format,People,"a portrait of a man wearing sunglasses and a business suit, painting in pop art style"
60.91937708683811,61.94867498113828,60.72572742832877,./Dataset/AIGCIQA2023/Image/allimg/2205.png,undiffuser,Style & Format,People,"a portrait of a man wearing sunglasses and a business suit, painting in pop art style"
60.30377821741291,57.646421892089336,60.481908073738886,./Dataset/AIGCIQA2023/Image/allimg/2206.png,undiffuser,Style & Format,People,"a portrait of a man wearing sunglasses and a business suit, painting in pop art style"
38.7501342920976,42.91840344998067,50.67743039083918,./Dataset/AIGCIQA2023/Image/allimg/2207.png,undiffuser,Style & Format,People,"a portrait of a man wearing sunglasses and a business suit, painting in pop art style"
49.09916694618168,54.84419724693605,53.87371647607705,./Dataset/AIGCIQA2023/Image/allimg/2208.png,undiffuser,Style & Format,Vehicles,a cartoon of a train going to the moon
56.10406615065664,54.944658621459645,59.52870724168439,./Dataset/AIGCIQA2023/Image/allimg/2209.png,undiffuser,Style & Format,Vehicles,a cartoon of a train going to the moon
56.53521607351837,52.513604476729554,54.60398725661597,./Dataset/AIGCIQA2023/Image/allimg/2210.png,undiffuser,Style & Format,Vehicles,a cartoon of a train going to the moon
42.314046904955376,42.86994452426811,42.49868775309607,./Dataset/AIGCIQA2023/Image/allimg/2211.png,undiffuser,Style & Format,Vehicles,a cartoon of a train going to the moon
35.37613945177101,39.11865910150192,41.315117226308345,./Dataset/AIGCIQA2023/Image/allimg/2212.png,undiffuser,Style & Format,Artifacts,A spaceship made of cardboard.
54.95837845827155,53.67178790383955,51.94999242021128,./Dataset/AIGCIQA2023/Image/allimg/2213.png,undiffuser,Style & Format,Artifacts,A spaceship made of cardboard.
42.79607134859823,39.35810751397426,38.170282428456254,./Dataset/AIGCIQA2023/Image/allimg/2214.png,undiffuser,Style & Format,Artifacts,A spaceship made of cardboard.
50.68375712065578,45.78928081746214,40.94073331282336,./Dataset/AIGCIQA2023/Image/allimg/2215.png,undiffuser,Style & Format,Artifacts,A spaceship made of cardboard.
42.74168706527498,42.79875047710634,48.1325403391299,./Dataset/AIGCIQA2023/Image/allimg/2216.png,undiffuser,Style & Format,Produce & Plants,A photo of a lotus flower made of water. 
54.71011910661157,52.217986876125416,56.87376506391811,./Dataset/AIGCIQA2023/Image/allimg/2217.png,undiffuser,Style & Format,Produce & Plants,A photo of a lotus flower made of water. 
51.44252847742653,51.07321337799401,47.06144398198613,./Dataset/AIGCIQA2023/Image/allimg/2218.png,undiffuser,Style & Format,Produce & Plants,A photo of a lotus flower made of water. 
50.06047715803233,52.5804775431548,49.21606345929518,./Dataset/AIGCIQA2023/Image/allimg/2219.png,undiffuser,Style & Format,Produce & Plants,A photo of a lotus flower made of water. 
49.63170659126327,48.049244422139225,49.16063513280598,./Dataset/AIGCIQA2023/Image/allimg/2220.png,undiffuser,Style & Format,Food & Beverage,a painting of the food of china
45.68528886581017,44.72269600062974,55.98086479300613,./Dataset/AIGCIQA2023/Image/allimg/2221.png,undiffuser,Style & Format,Food & Beverage,a painting of the food of china
50.763574869977525,44.62257499733506,50.21368496151267,./Dataset/AIGCIQA2023/Image/allimg/2222.png,undiffuser,Style & Format,Food & Beverage,a painting of the food of china
34.2119185906439,40.12009364517445,49.18221546321485,./Dataset/AIGCIQA2023/Image/allimg/2223.png,undiffuser,Style & Format,Food & Beverage,a painting of the food of china
41.79300613605588,40.42451209003239,42.0415903502246,./Dataset/AIGCIQA2023/Image/allimg/2224.png,undiffuser,Style & Format,Illustrations,"an emoji of a baby penguin wearing a blue hat, red gloves, green shirt, and yellow pants"
56.37407862321195,50.12402034405817,46.966144736400246,./Dataset/AIGCIQA2023/Image/allimg/2225.png,undiffuser,Style & Format,Illustrations,"an emoji of a baby penguin wearing a blue hat, red gloves, green shirt, and yellow pants"
56.385289792379375,54.54872602926052,46.52314585096998,./Dataset/AIGCIQA2023/Image/allimg/2226.png,undiffuser,Style & Format,Illustrations,"an emoji of a baby penguin wearing a blue hat, red gloves, green shirt, and yellow pants"
56.45168641757935,52.57546383131677,46.95264578274405,./Dataset/AIGCIQA2023/Image/allimg/2227.png,undiffuser,Style & Format,Illustrations,"an emoji of a baby penguin wearing a blue hat, red gloves, green shirt, and yellow pants"
50.61320450022232,53.33376504196876,54.201731345208046,./Dataset/AIGCIQA2023/Image/allimg/2228.png,undiffuser,Style & Format,Arts,an oil painting of a tree and a building
47.18970618880351,48.106049561412384,53.71209698461,./Dataset/AIGCIQA2023/Image/allimg/2229.png,undiffuser,Style & Format,Arts,an oil painting of a tree and a building
40.13380127822151,44.35145787441567,52.5027008061654,./Dataset/AIGCIQA2023/Image/allimg/2230.png,undiffuser,Style & Format,Arts,an oil painting of a tree and a building
50.9373482038465,54.56781527599642,57.93545426108373,./Dataset/AIGCIQA2023/Image/allimg/2231.png,undiffuser,Style & Format,Arts,an oil painting of a tree and a building
37.140411529421065,49.08589380936321,49.2924897984258,./Dataset/AIGCIQA2023/Image/allimg/2232.png,undiffuser,Style & Format,Outdoor Scenes,a painting of a white country home with a wrap-around porch
46.91769705030303,46.131929670057566,51.44877337510678,./Dataset/AIGCIQA2023/Image/allimg/2233.png,undiffuser,Style & Format,Outdoor Scenes,a painting of a white country home with a wrap-around porch
56.19416299603351,56.00541269645396,65.86989264449113,./Dataset/AIGCIQA2023/Image/allimg/2234.png,undiffuser,Style & Format,Outdoor Scenes,a painting of a white country home with a wrap-around porch
53.96893671044889,51.48436199016536,62.32823307902154,./Dataset/AIGCIQA2023/Image/allimg/2235.png,undiffuser,Style & Format,Outdoor Scenes,a painting of a white country home with a wrap-around porch
34.72266767563849,37.53395571622386,37.51344324947371,./Dataset/AIGCIQA2023/Image/allimg/2236.png,undiffuser,Style & Format,World Knowledge,Downtown Shanghai at sunrise. detailed ink wash.
42.86045621664073,45.66767273416049,46.6982862039453,./Dataset/AIGCIQA2023/Image/allimg/2237.png,undiffuser,Style & Format,World Knowledge,Downtown Shanghai at sunrise. detailed ink wash.
40.91934691426847,40.94670797980017,40.908570169978994,./Dataset/AIGCIQA2023/Image/allimg/2238.png,undiffuser,Style & Format,World Knowledge,Downtown Shanghai at sunrise. detailed ink wash.
53.49648898153208,55.41457009632959,59.21224974766789,./Dataset/AIGCIQA2023/Image/allimg/2239.png,undiffuser,Style & Format,World Knowledge,Downtown Shanghai at sunrise. detailed ink wash.
51.55184063286119,48.95443253767778,47.83502700647859,./Dataset/AIGCIQA2023/Image/allimg/2240.png,undiffuser,Writing & Symbols,Animals,"a cartoon of a dog saying ""I see what you did there"""
54.08506295662213,49.390321971303614,38.13162215311778,./Dataset/AIGCIQA2023/Image/allimg/2241.png,undiffuser,Writing & Symbols,Animals,"a cartoon of a dog saying ""I see what you did there"""
48.27936586723393,44.29209947891461,45.38847692766485,./Dataset/AIGCIQA2023/Image/allimg/2242.png,undiffuser,Writing & Symbols,Animals,"a cartoon of a dog saying ""I see what you did there"""
34.52968365238176,36.9418699360385,38.98600482672506,./Dataset/AIGCIQA2023/Image/allimg/2243.png,undiffuser,Writing & Symbols,Animals,"a cartoon of a dog saying ""I see what you did there"""
57.81315693370456,52.76380269968404,43.35335684195615,./Dataset/AIGCIQA2023/Image/allimg/2244.png,undiffuser,Writing & Symbols,People,the word 'HELLO' on a girl's face
35.51572634408966,38.386504231381664,40.80566360869598,./Dataset/AIGCIQA2023/Image/allimg/2245.png,undiffuser,Writing & Symbols,People,the word 'HELLO' on a girl's face
51.055024152600005,46.18082272718525,55.09179651971215,./Dataset/AIGCIQA2023/Image/allimg/2246.png,undiffuser,Writing & Symbols,People,the word 'HELLO' on a girl's face
51.150317585069445,47.86458419258081,37.73299461743186,./Dataset/AIGCIQA2023/Image/allimg/2247.png,undiffuser,Writing & Symbols,People,the word 'HELLO' on a girl's face
54.50727712520343,46.36219527723684,46.36047713990996,./Dataset/AIGCIQA2023/Image/allimg/2248.png,undiffuser,Writing & Symbols,Vehicles,a hot air balloon with chameleon logo. the sun is shining and puffy white clouds are in the background.
48.32618532553367,43.36455187287128,46.46133703465047,./Dataset/AIGCIQA2023/Image/allimg/2249.png,undiffuser,Writing & Symbols,Vehicles,a hot air balloon with chameleon logo. the sun is shining and puffy white clouds are in the background.
55.54209729847573,54.06112866875147,50.532405238677015,./Dataset/AIGCIQA2023/Image/allimg/2250.png,undiffuser,Writing & Symbols,Vehicles,a hot air balloon with chameleon logo. the sun is shining and puffy white clouds are in the background.
46.88443205899618,41.75674011746244,43.17632237075073,./Dataset/AIGCIQA2023/Image/allimg/2251.png,undiffuser,Writing & Symbols,Vehicles,a hot air balloon with chameleon logo. the sun is shining and puffy white clouds are in the background.
49.02363979464543,52.54762021330652,44.192321359881234,./Dataset/AIGCIQA2023/Image/allimg/2252.png,undiffuser,Writing & Symbols,Artifacts,A sign that says Deep Learning
55.51512332997579,55.32835030970906,48.66419087485259,./Dataset/AIGCIQA2023/Image/allimg/2253.png,undiffuser,Writing & Symbols,Artifacts,A sign that says Deep Learning
42.54946534544128,45.49389132768807,45.44960015590563,./Dataset/AIGCIQA2023/Image/allimg/2254.png,undiffuser,Writing & Symbols,Artifacts,A sign that says Deep Learning
33.42568784735184,43.718137333314885,42.645387975458405,./Dataset/AIGCIQA2023/Image/allimg/2255.png,undiffuser,Writing & Symbols,Artifacts,A sign that says Deep Learning
39.25636485909733,41.50566849167984,39.047506046749,./Dataset/AIGCIQA2023/Image/allimg/2256.png,undiffuser,Writing & Symbols,Produce & Plants,the word 'APPLE' on an apple
47.90972346752234,44.55136800066267,41.556648419817314,./Dataset/AIGCIQA2023/Image/allimg/2257.png,undiffuser,Writing & Symbols,Produce & Plants,the word 'APPLE' on an apple
50.83305112677158,48.15770074532748,43.48712893504328,./Dataset/AIGCIQA2023/Image/allimg/2258.png,undiffuser,Writing & Symbols,Produce & Plants,the word 'APPLE' on an apple
50.62938085310199,43.4115947936092,49.46399613644372,./Dataset/AIGCIQA2023/Image/allimg/2259.png,undiffuser,Writing & Symbols,Produce & Plants,the word 'APPLE' on an apple
53.45443147862318,48.30499405950493,45.44493299215574,./Dataset/AIGCIQA2023/Image/allimg/2260.png,undiffuser,Writing & Symbols,Food & Beverage,"Two cups of coffee, one with latte art of the words ""LOVE"" written in one. The other has latte art of the words ""PEACE"" written in the other."
61.95063343286069,61.44194198525183,58.37981887715726,./Dataset/AIGCIQA2023/Image/allimg/2261.png,undiffuser,Writing & Symbols,Food & Beverage,"Two cups of coffee, one with latte art of the words ""LOVE"" written in one. The other has latte art of the words ""PEACE"" written in the other."
36.00608191816858,36.83025379556571,40.51169623102084,./Dataset/AIGCIQA2023/Image/allimg/2262.png,undiffuser,Writing & Symbols,Food & Beverage,"Two cups of coffee, one with latte art of the words ""LOVE"" written in one. The other has latte art of the words ""PEACE"" written in the other."
52.07018923222451,54.32069120050839,47.36605915837584,./Dataset/AIGCIQA2023/Image/allimg/2263.png,undiffuser,Writing & Symbols,Food & Beverage,"Two cups of coffee, one with latte art of the words ""LOVE"" written in one. The other has latte art of the words ""PEACE"" written in the other."
69.02163715069891,61.79933430980026,48.29809583138362,./Dataset/AIGCIQA2023/Image/allimg/2264.png,undiffuser,Writing & Symbols,Illustrations,the word 'START'
63.66489786061348,60.22671473669845,61.19680551059937,./Dataset/AIGCIQA2023/Image/allimg/2265.png,undiffuser,Writing & Symbols,Illustrations,the word 'START'
65.05484417409251,63.18957359306564,58.788119054327225,./Dataset/AIGCIQA2023/Image/allimg/2266.png,undiffuser,Writing & Symbols,Illustrations,the word 'START'
37.27518204795778,39.91862091725726,40.46815190364472,./Dataset/AIGCIQA2023/Image/allimg/2267.png,undiffuser,Writing & Symbols,Illustrations,the word 'START'
47.23731598030922,52.42186360197286,46.96781661355622,./Dataset/AIGCIQA2023/Image/allimg/2268.png,undiffuser,Writing & Symbols,Indoor Scenes,"a yellow wall with 'Hello, world.' written on it"
57.65941814045726,57.691524692939126,51.1681134223466,./Dataset/AIGCIQA2023/Image/allimg/2269.png,undiffuser,Writing & Symbols,Indoor Scenes,"a yellow wall with 'Hello, world.' written on it"
60.11394356459162,61.2130356269406,59.73437050199378,./Dataset/AIGCIQA2023/Image/allimg/2270.png,undiffuser,Writing & Symbols,Indoor Scenes,"a yellow wall with 'Hello, world.' written on it"
35.90423552143562,37.31447978484081,37.83561425421967,./Dataset/AIGCIQA2023/Image/allimg/2271.png,undiffuser,Writing & Symbols,Indoor Scenes,"a yellow wall with 'Hello, world.' written on it"
48.15667527547939,40.64495473428767,43.36758496564588,./Dataset/AIGCIQA2023/Image/allimg/2272.png,undiffuser,Writing & Symbols,Outdoor Scenes,a store front with 'Grassy Meadow' written on it
64.12806994854282,55.50887286377791,55.19230925563372,./Dataset/AIGCIQA2023/Image/allimg/2273.png,undiffuser,Writing & Symbols,Outdoor Scenes,a store front with 'Grassy Meadow' written on it
50.326636987402,53.45010696268847,48.14048318512491,./Dataset/AIGCIQA2023/Image/allimg/2274.png,undiffuser,Writing & Symbols,Outdoor Scenes,a store front with 'Grassy Meadow' written on it
49.19992497404839,50.61708873736556,47.29056979546152,./Dataset/AIGCIQA2023/Image/allimg/2275.png,undiffuser,Writing & Symbols,Outdoor Scenes,a store front with 'Grassy Meadow' written on it
47.82681416660381,51.64363712317218,53.55814784055887,./Dataset/AIGCIQA2023/Image/allimg/2276.png,undiffuser,Writing & Symbols,World Knowledge,"A green sign that says ""Very Deep Learning"" and is at the edge of the Grand Canyon."
42.560284271504045,39.961496785385336,41.67530752620824,./Dataset/AIGCIQA2023/Image/allimg/2277.png,undiffuser,Writing & Symbols,World Knowledge,"A green sign that says ""Very Deep Learning"" and is at the edge of the Grand Canyon."
49.967029159525325,50.142927868403866,48.49542586957464,./Dataset/AIGCIQA2023/Image/allimg/2278.png,undiffuser,Writing & Symbols,World Knowledge,"A green sign that says ""Very Deep Learning"" and is at the edge of the Grand Canyon."
58.38873931823456,55.88118078703111,56.551727825362434,./Dataset/AIGCIQA2023/Image/allimg/2279.png,undiffuser,Writing & Symbols,World Knowledge,"A green sign that says ""Very Deep Learning"" and is at the edge of the Grand Canyon."
46.68081366377384,47.6578222671002,51.24503489471185,./Dataset/AIGCIQA2023/Image/allimg/2304.png,undiffuser,Quantity,Illustrations,three small yellow boxes
45.2395930846057,48.43276275693986,47.6382216938954,./Dataset/AIGCIQA2023/Image/allimg/2305.png,undiffuser,Quantity,Illustrations,three small yellow boxes
55.14717121931742,53.69462679246565,57.985293931273326,./Dataset/AIGCIQA2023/Image/allimg/2306.png,undiffuser,Quantity,Illustrations,three small yellow boxes
62.33175199331127,58.496538528905184,51.86258375154682,./Dataset/AIGCIQA2023/Image/allimg/2307.png,undiffuser,Quantity,Illustrations,three small yellow boxes
35.04673366688081,40.43209640646008,39.99863204711748,./Dataset/AIGCIQA2023/Image/allimg/2344.png,undiffuser,Perspective,Illustrations,A robot with a black visor and the number 42 on its chest. It stands proudly in front of an F1 race car. The sun is setting on a cityscape in the background. wide-angle view. comic book illustration.
47.93297734043463,45.09903163703336,43.52053721011863,./Dataset/AIGCIQA2023/Image/allimg/2345.png,undiffuser,Perspective,Illustrations,A robot with a black visor and the number 42 on its chest. It stands proudly in front of an F1 race car. The sun is setting on a cityscape in the background. wide-angle view. comic book illustration.
59.44693001567032,56.44733940939916,49.85936040603899,./Dataset/AIGCIQA2023/Image/allimg/2346.png,undiffuser,Perspective,Illustrations,A robot with a black visor and the number 42 on its chest. It stands proudly in front of an F1 race car. The sun is setting on a cityscape in the background. wide-angle view. comic book illustration.
53.418579385773135,51.45574639168101,40.43472333015708,./Dataset/AIGCIQA2023/Image/allimg/2347.png,undiffuser,Perspective,Illustrations,A robot with a black visor and the number 42 on its chest. It stands proudly in front of an F1 race car. The sun is setting on a cityscape in the background. wide-angle view. comic book illustration.
60.81705484095098,60.74019447575832,52.63962956100765,./Dataset/AIGCIQA2023/Image/allimg/2384.png,undiffuser,Linguistic Structures,Illustrations,We painted the wall with cracks.
40.3926893279724,45.34212729455375,48.49959641492296,./Dataset/AIGCIQA2023/Image/allimg/2385.png,undiffuser,Linguistic Structures,Illustrations,We painted the wall with cracks.
62.6938694845545,65.03716463010085,59.9225032180133,./Dataset/AIGCIQA2023/Image/allimg/2386.png,undiffuser,Linguistic Structures,Illustrations,We painted the wall with cracks.
63.202829281160994,58.597461771513565,60.116279370788526,./Dataset/AIGCIQA2023/Image/allimg/2387.png,undiffuser,Linguistic Structures,Illustrations,We painted the wall with cracks.
